#{"t_start": 1733323668.010893, "env_id": "MountainCar-v0"}
r,l,t
-200.0,200,4.286252
-200.0,200,4.606265
-200.0,200,6.77473
-200.0,200,10.854012
-200.0,200,15.813657
-200.0,200,20.68329
-200.0,200,25.55068
-200.0,200,30.50057
-200.0,200,35.45278
-200.0,200,40.625756
-200.0,200,46.128321
-200.0,200,50.928977
-200.0,200,55.889304
-200.0,200,60.831558
-200.0,200,65.873426
-200.0,200,70.592871
-200.0,200,74.821643
-200.0,200,79.418895
-200.0,200,83.96536
-200.0,200,88.472953
-200.0,200,92.922148
-200.0,200,97.376019
-200.0,200,102.507858
-200.0,200,108.077205
-200.0,200,112.785633
-200.0,200,117.258772
-200.0,200,121.999598
-200.0,200,126.72409
-200.0,200,131.384063
-200.0,200,135.982302
-200.0,200,140.760418
-200.0,200,145.522466
-200.0,200,150.414686
-200.0,200,155.450391
-200.0,200,160.276547
-200.0,200,165.052437
-200.0,200,169.988932
-200.0,200,175.937476
-168.0,168,179.865617
-200.0,200,184.443066
-200.0,200,188.990151
-200.0,200,193.365728
-200.0,200,198.449745
-193.0,193,203.004738
-200.0,200,208.285106
-200.0,200,212.879048
-200.0,200,217.356748
-200.0,200,222.043301
-200.0,200,226.914416
-200.0,200,231.803299
-163.0,163,237.233512
-200.0,200,242.09309
-200.0,200,246.698079
-200.0,200,251.111107
-200.0,200,255.484397
-200.0,200,259.718072
-200.0,200,264.783996
-200.0,200,269.998753
-200.0,200,274.424583
-200.0,200,278.952835
-172.0,172,282.830043
-200.0,200,287.657058
-200.0,200,292.740525
-188.0,188,297.060346
-200.0,200,301.629364
-200.0,200,306.166041
-200.0,200,310.561208
-193.0,193,314.797602
-200.0,200,319.137714
-200.0,200,323.80473
-200.0,200,328.317458
-200.0,200,332.864855
-200.0,200,337.205819
-200.0,200,341.867811
-197.0,197,346.435017
-200.0,200,351.173894
-200.0,200,355.930285
-200.0,200,360.929962
-200.0,200,365.826835
-200.0,200,370.762763
-200.0,200,374.867657
-200.0,200,379.563733
-200.0,200,384.313734
-200.0,200,388.356508
-200.0,200,392.41836
-127.0,127,395.30362
-200.0,200,400.156489
-180.0,180,404.137932
-159.0,159,407.297266
-200.0,200,411.750798
-200.0,200,416.480154
-200.0,200,421.212615
-200.0,200,426.001615
-200.0,200,430.468842
-200.0,200,435.380826
-200.0,200,439.815867
-200.0,200,444.142847
-200.0,200,448.560766
-200.0,200,452.743226
-200.0,200,456.82115
-200.0,200,460.990342
-200.0,200,465.477787
-200.0,200,469.917495
-200.0,200,474.206405
-200.0,200,478.576302
-200.0,200,483.208277
-200.0,200,487.804834
-200.0,200,492.317973
-200.0,200,496.532497
-200.0,200,500.808164
-200.0,200,505.069963
-200.0,200,509.507134
-200.0,200,514.2237
-200.0,200,518.472586
-186.0,186,522.395322
-200.0,200,526.229541
-185.0,185,529.985243
-197.0,197,534.12225
-200.0,200,538.217929
-161.0,161,541.627567
-200.0,200,545.426621
-200.0,200,549.435582
-179.0,179,553.242086
-200.0,200,557.347389
-164.0,164,560.555725
-155.0,155,563.727504
-151.0,151,566.820572
-200.0,200,571.573191
-194.0,194,575.744885
-200.0,200,579.977945
-200.0,200,584.149031
-200.0,200,588.314456
-200.0,200,592.199829
-158.0,158,595.335934
-200.0,200,599.507381
-200.0,200,603.444038
-198.0,198,607.532006
-200.0,200,611.628157
-200.0,200,615.706422
-195.0,195,619.683487
-153.0,153,622.984931
-200.0,200,626.740156
-200.0,200,630.479631
-200.0,200,634.391728
-200.0,200,638.744616
-191.0,191,642.90282
-200.0,200,646.835892
-200.0,200,650.554118
-200.0,200,654.605949
-192.0,192,658.421489
-200.0,200,662.41974
-200.0,200,666.176498
-200.0,200,670.273657
-200.0,200,673.965984
-200.0,200,677.879414
-200.0,200,681.880618
-200.0,200,686.537942
-200.0,200,690.734456
-200.0,200,694.816174
-200.0,200,698.806855
-200.0,200,703.104083
-200.0,200,707.404304
-200.0,200,711.477082
-200.0,200,715.761336
-200.0,200,719.884367
-200.0,200,724.320884
-200.0,200,728.57423
-197.0,197,732.485435
-200.0,200,736.409232
-200.0,200,740.496545
-200.0,200,744.489431
-200.0,200,748.497224
-200.0,200,752.605443
-200.0,200,756.391917
-200.0,200,760.43497
-200.0,200,764.361322
-200.0,200,768.265307
-200.0,200,772.155786
-200.0,200,776.04635
-200.0,200,780.096779
-200.0,200,783.948788
-200.0,200,787.661786
-200.0,200,791.276901
-200.0,200,794.797686
-200.0,200,798.582329
-200.0,200,802.356359
-200.0,200,806.096777
-200.0,200,809.575663
-200.0,200,813.076514
-200.0,200,816.77822
-200.0,200,820.059213
-200.0,200,823.790848
-200.0,200,827.779828
-200.0,200,831.314018
-200.0,200,835.220691
-200.0,200,838.852179
-200.0,200,842.559484
-200.0,200,846.507485
-189.0,189,850.200486
-200.0,200,853.866129
-200.0,200,857.403545
-200.0,200,860.037025
-200.0,200,863.327315
-151.0,151,866.080986
-200.0,200,869.691563
-200.0,200,873.380845
-200.0,200,877.283224
-200.0,200,880.705727
-200.0,200,884.270828
-200.0,200,887.651527
-156.0,156,890.124464
-200.0,200,893.368875
-200.0,200,896.752548
-134.0,134,899.232919
-200.0,200,902.391916
-200.0,200,905.758758
-200.0,200,909.247313
-166.0,166,912.025954
-136.0,136,914.171067
-171.0,171,917.149375
-150.0,150,919.701393
-200.0,200,923.05028
-119.0,119,925.133094
-153.0,153,927.632821
-200.0,200,930.610248
-161.0,161,933.479421
-200.0,200,937.019094
-200.0,200,940.370447
-154.0,154,943.082187
-200.0,200,947.189629
-200.0,200,950.641866
-148.0,148,953.276761
-148.0,148,955.820871
-200.0,200,959.07092
-200.0,200,962.218298
-163.0,163,965.211769
-159.0,159,968.163317
-177.0,177,971.064491
-200.0,200,974.374813
-146.0,146,976.665203
-171.0,171,979.499266
-150.0,150,981.955176
-151.0,151,984.495803
-170.0,170,987.394079
-162.0,162,990.003916
-168.0,168,992.802892
-146.0,146,995.18365
-200.0,200,998.612387
-200.0,200,1001.833938
-139.0,139,1004.026304
-200.0,200,1007.500344
-155.0,155,1009.899376
-165.0,165,1012.32203
-200.0,200,1015.623713
-152.0,152,1017.956402
-200.0,200,1021.244494
-150.0,150,1023.498233
-169.0,169,1025.954927
-200.0,200,1029.057276
-167.0,167,1031.676742
-200.0,200,1035.344693
-200.0,200,1038.988908
-200.0,200,1042.13232
-200.0,200,1045.162104
-200.0,200,1048.218168
-200.0,200,1051.146434
-200.0,200,1053.986822
-200.0,200,1057.042301
-200.0,200,1060.126122
-200.0,200,1063.568097
-200.0,200,1067.044203
-200.0,200,1070.571704
-200.0,200,1073.983892
-200.0,200,1077.258848
-200.0,200,1080.379112
-200.0,200,1083.575787
-200.0,200,1086.70748
-200.0,200,1090.063414
-200.0,200,1093.009255
-200.0,200,1096.262057
-200.0,200,1099.628433
-160.0,160,1102.233446
-200.0,200,1105.624123
-200.0,200,1108.968512
-200.0,200,1112.448834
-200.0,200,1115.701384
-200.0,200,1119.028005
-172.0,172,1122.08159
-200.0,200,1125.190839
-200.0,200,1128.403013
-200.0,200,1131.359226
-200.0,200,1134.360866
-200.0,200,1137.444594
-200.0,200,1140.754113
-200.0,200,1143.942193
-200.0,200,1147.132462
-200.0,200,1150.05012
-200.0,200,1152.885421
-200.0,200,1155.540406
-200.0,200,1158.325084
-163.0,163,1160.745653
-167.0,167,1163.04221
-200.0,200,1165.796601
-170.0,170,1168.218378
-200.0,200,1171.192849
-200.0,200,1173.905038
-200.0,200,1176.671525
-200.0,200,1179.478717
-200.0,200,1182.558088
-200.0,200,1185.437031
-200.0,200,1188.23595
-145.0,145,1190.265398
-158.0,158,1192.178053
-139.0,139,1194.194168
-155.0,155,1196.32122
-112.0,112,1197.90652
-168.0,168,1200.811771
-141.0,141,1202.988936
-184.0,184,1205.715326
-106.0,106,1207.199419
-160.0,160,1209.502323
-147.0,147,1211.634767
-145.0,145,1213.783747
-116.0,116,1215.158083
-121.0,121,1216.858743
-185.0,185,1219.369269
-181.0,181,1222.163168
-170.0,170,1224.629833
-143.0,143,1226.690288
-106.0,106,1228.128021
-152.0,152,1229.990147
-200.0,200,1232.572492
-159.0,159,1234.837325
-148.0,148,1236.740448
-165.0,165,1239.043959
-200.0,200,1241.675059
-146.0,146,1243.647745
-163.0,163,1245.865589
-128.0,128,1247.345599
-161.0,161,1249.817212
-189.0,189,1252.281902
-110.0,110,1253.788987
-161.0,161,1255.913816
-200.0,200,1258.920077
-167.0,167,1261.410961
-135.0,135,1262.981897
-190.0,190,1265.315274
-200.0,200,1267.909402
-138.0,138,1269.49088
-153.0,153,1271.68789
-153.0,153,1273.707793
-139.0,139,1275.308666
-159.0,159,1277.321753
-149.0,149,1279.281468
-145.0,145,1281.316443
-200.0,200,1284.044868
-180.0,180,1286.197367
-162.0,162,1288.123799
-200.0,200,1290.922972
-169.0,169,1292.973327
-192.0,192,1295.425356
-113.0,113,1296.941121
-148.0,148,1298.772218
-106.0,106,1299.9851
-176.0,176,1302.144365
-129.0,129,1303.91737
-200.0,200,1306.072229
-159.0,159,1308.022617
-134.0,134,1309.567488
-120.0,120,1311.258112
-164.0,164,1313.081847
-200.0,200,1315.364822
-111.0,111,1316.750366
-200.0,200,1318.9508
-94.0,94,1319.878717
-187.0,187,1322.082244
-100.0,100,1323.357292
-111.0,111,1324.633781
-115.0,115,1326.062156
-129.0,129,1327.652504
-174.0,174,1329.825474
-120.0,120,1331.127015
-162.0,162,1333.179791
-117.0,117,1334.602021
-144.0,144,1336.345007
-144.0,144,1338.031865
-99.0,99,1339.208243
-102.0,102,1340.583471
-136.0,136,1342.165341
-101.0,101,1343.369826
-119.0,119,1344.639438
-184.0,184,1346.795347
-92.0,92,1348.002126
-100.0,100,1348.967875
-136.0,136,1350.801698
-109.0,109,1352.25706
-190.0,190,1354.264797
-98.0,98,1355.325277
-120.0,120,1356.725791
-147.0,147,1358.865173
-114.0,114,1360.197804
-96.0,96,1361.248835
-100.0,100,1362.481218
-158.0,158,1364.495419
-172.0,172,1366.291687
-108.0,108,1367.5175
-110.0,110,1368.691101
-173.0,173,1370.535775
-110.0,110,1371.719137
-161.0,161,1373.737434
-125.0,125,1374.913854
-114.0,114,1376.057431
-163.0,163,1377.535353
-105.0,105,1378.767121
-173.0,173,1380.466488
-200.0,200,1382.747068
-104.0,104,1383.95779
-99.0,99,1384.88151
-120.0,120,1386.230004
-124.0,124,1387.427156
-175.0,175,1389.470581
-121.0,121,1390.808343
-141.0,141,1392.350709
-105.0,105,1393.329595
-146.0,146,1395.061766
-144.0,144,1396.601574
-134.0,134,1397.989296
-117.0,117,1399.121305
-163.0,163,1400.801641
-117.0,117,1401.960068
-170.0,170,1403.540117
-142.0,142,1405.207726
-126.0,126,1406.792071
-127.0,127,1408.186331
-116.0,116,1409.529799
-127.0,127,1410.70834
-133.0,133,1411.823939
-108.0,108,1412.679584
-118.0,118,1413.728695
-112.0,112,1414.785173
-108.0,108,1415.736504
-117.0,117,1416.999626
-149.0,149,1418.821203
-117.0,117,1419.97306
-116.0,116,1421.484649
-109.0,109,1422.622894
-130.0,130,1424.16041
-108.0,108,1425.551917
-113.0,113,1426.835876
-112.0,112,1428.336897
-164.0,164,1430.09056
-111.0,111,1431.340761
-107.0,107,1432.61963
-111.0,111,1433.773964
-114.0,114,1434.944795
-107.0,107,1436.282343
-151.0,151,1437.874399
-129.0,129,1439.265016
-109.0,109,1440.368897
-117.0,117,1441.762519
-113.0,113,1442.999791
-130.0,130,1444.500708
-133.0,133,1446.047266
-157.0,157,1447.887187
-127.0,127,1449.384583
-138.0,138,1450.739486
-124.0,124,1452.310713
-114.0,114,1453.58803
-111.0,111,1454.989023
-169.0,169,1456.586069
-109.0,109,1457.61924
-107.0,107,1458.563812
-137.0,137,1460.000181
-106.0,106,1461.349964
-140.0,140,1462.791389
-106.0,106,1463.981042
-123.0,123,1465.606595
-113.0,113,1466.992704
-144.0,144,1468.302088
-157.0,157,1470.096614
-179.0,179,1471.82264
-153.0,153,1473.427823
-110.0,110,1474.932325
-115.0,115,1476.044998
-113.0,113,1477.506617
-105.0,105,1478.581074
-114.0,114,1479.70077
-112.0,112,1480.591785
-133.0,133,1481.725589
-166.0,166,1483.379891
-108.0,108,1484.514438
-115.0,115,1485.473623
-118.0,118,1486.789957
-179.0,179,1488.488937
-187.0,187,1490.495733
-109.0,109,1491.58653
-160.0,160,1492.953263
-185.0,185,1494.595461
-141.0,141,1495.926582
-113.0,113,1497.037479
-108.0,108,1498.026854
-200.0,200,1499.896651
-119.0,119,1500.920955
-109.0,109,1501.792944
-105.0,105,1502.69802
-103.0,103,1503.528379
-126.0,126,1504.522723
-117.0,117,1505.565712
-115.0,115,1506.63089
-108.0,108,1507.498959
-89.0,89,1508.161482
-95.0,95,1508.876916
-112.0,112,1509.787799
-146.0,146,1511.03974
-113.0,113,1511.96273
-169.0,169,1513.507374
-109.0,109,1514.651495
-116.0,116,1515.757
-124.0,124,1516.967068
-97.0,97,1517.821769
-101.0,101,1518.73808
-107.0,107,1519.595301
-110.0,110,1520.456959
-95.0,95,1521.465503
-167.0,167,1522.69848
-124.0,124,1523.90552
-104.0,104,1524.696892
-115.0,115,1525.708162
-107.0,107,1526.687466
-175.0,175,1527.937315
-195.0,195,1529.607205
-200.0,200,1531.453926
-118.0,118,1532.43541
-113.0,113,1533.400912
-117.0,117,1534.538334
-138.0,138,1535.547244
-107.0,107,1536.534944
-117.0,117,1537.500681
-106.0,106,1538.279103
-125.0,125,1539.370687
-96.0,96,1540.190036
-103.0,103,1541.029546
-86.0,86,1541.653206
-110.0,110,1542.591806
-115.0,115,1543.625098
-102.0,102,1544.340683
-159.0,159,1545.42716
-104.0,104,1546.219755
-158.0,158,1547.589706
-104.0,104,1548.367411
-126.0,126,1549.579124
-123.0,123,1550.593872
-109.0,109,1551.478352
-118.0,118,1552.328273
-102.0,102,1553.014072
-98.0,98,1553.767164
-114.0,114,1554.526807
-113.0,113,1555.431839
-132.0,132,1556.455966
-112.0,112,1557.506358
-103.0,103,1558.307611
-109.0,109,1559.112906
-86.0,86,1559.673064
-102.0,102,1560.304767
-105.0,105,1561.167382
-102.0,102,1561.958769
-100.0,100,1562.793082
-103.0,103,1563.617482
-189.0,189,1565.078789
-103.0,103,1565.701118
-115.0,115,1566.299525
-129.0,129,1567.113472
-106.0,106,1567.817448
-113.0,113,1568.67526
-105.0,105,1569.480439
-162.0,162,1570.483207
-85.0,85,1570.915092
-113.0,113,1571.614025
-93.0,93,1572.266145
-110.0,110,1572.998134
-111.0,111,1573.651598
-90.0,90,1574.257309
-86.0,86,1574.850193
-84.0,84,1575.359842
-105.0,105,1576.195783
-108.0,108,1576.812521
-87.0,87,1577.38624
-106.0,106,1578.019064
-107.0,107,1578.641356
-105.0,105,1579.460965
-106.0,106,1580.080584
-112.0,112,1581.038421
-118.0,118,1581.880295
-97.0,97,1582.56896
-105.0,105,1583.193785
-110.0,110,1583.999128
-109.0,109,1584.709134
-98.0,98,1585.377688
-108.0,108,1586.113275
-102.0,102,1586.726222
-110.0,110,1587.426089
-114.0,114,1588.127066
-103.0,103,1588.891935
-108.0,108,1589.578923
-116.0,116,1590.27259
-117.0,117,1590.976784
-107.0,107,1591.663436
-102.0,102,1592.409683
-103.0,103,1593.1586
-106.0,106,1593.936775
-106.0,106,1594.759276
-107.0,107,1595.308915
-108.0,108,1596.058397
-109.0,109,1596.756847
-119.0,119,1597.482851
-106.0,106,1598.215124
-104.0,104,1598.792447
-115.0,115,1599.52684
-107.0,107,1600.21472
-103.0,103,1600.790011
-102.0,102,1601.292678
-105.0,105,1602.301265
-105.0,105,1603.055861
-105.0,105,1603.630794
-105.0,105,1604.192119
-103.0,103,1604.760452
-116.0,116,1605.515563
-128.0,128,1606.275143
-106.0,106,1606.891468
-109.0,109,1607.538805
-103.0,103,1608.322618
-102.0,102,1608.975456
-90.0,90,1609.556711
-105.0,105,1610.128063
-103.0,103,1610.749929
-108.0,108,1611.423809
-106.0,106,1611.966261
-103.0,103,1612.547374
-125.0,125,1613.255882
-105.0,105,1613.839381
-124.0,124,1614.561853
-196.0,196,1615.803039
-100.0,100,1616.390763
-110.0,110,1617.029169
-114.0,114,1617.74551
-151.0,151,1618.887869
-103.0,103,1619.44481
-106.0,106,1620.295445
-142.0,142,1621.644533
-115.0,115,1622.440624
-173.0,173,1623.521482
-145.0,145,1624.574589
-89.0,89,1625.17217
-100.0,100,1625.924898
-109.0,109,1626.690941
-158.0,158,1627.760914
-153.0,153,1628.728101
-109.0,109,1629.358632
-144.0,144,1630.458005
-160.0,160,1631.565479
-86.0,86,1632.163634
-166.0,166,1633.306998
-86.0,86,1633.845897
-116.0,116,1634.65725
-111.0,111,1635.389331
-109.0,109,1636.053745
-150.0,150,1637.02755
-169.0,169,1638.382525
-107.0,107,1639.18547
-153.0,153,1640.360622
-109.0,109,1641.127552
-110.0,110,1641.847843
-149.0,149,1642.779226
-99.0,99,1643.318494
-112.0,112,1643.981943
-112.0,112,1644.687916
-110.0,110,1645.40565
-106.0,106,1646.126309
-161.0,161,1647.057411
-87.0,87,1647.575626
-114.0,114,1648.324616
-95.0,95,1648.893461
-104.0,104,1649.565807
-161.0,161,1650.663979
-107.0,107,1651.335887
-150.0,150,1652.198003
-121.0,121,1652.918903
-94.0,94,1653.459255
-90.0,90,1654.045512
-158.0,158,1655.029329
-91.0,91,1655.527754
-161.0,161,1656.414617
-92.0,92,1656.961673
-89.0,89,1657.554941
-98.0,98,1658.205472
-166.0,166,1659.061177
-163.0,163,1660.0814
-154.0,154,1660.985226
-159.0,159,1661.772831
-147.0,147,1662.631447
-154.0,154,1663.58557
-163.0,163,1664.717699
-93.0,93,1665.322639
-95.0,95,1665.938096
-87.0,87,1666.416933
-88.0,88,1666.919098
-122.0,122,1667.537362
-93.0,93,1668.176701
-135.0,135,1668.95926
-103.0,103,1669.510101
-116.0,116,1670.056011
-177.0,177,1671.161594
-132.0,132,1672.034214
-91.0,91,1672.45519
-113.0,113,1673.303868
-118.0,118,1674.007237
-113.0,113,1674.590848
-120.0,120,1675.408959
-86.0,86,1675.922746
-106.0,106,1676.564786
-115.0,115,1677.354455
-105.0,105,1677.988713
-88.0,88,1678.637203
-83.0,83,1679.059801
-110.0,110,1679.732943
-157.0,157,1680.672373
-96.0,96,1681.271141
-96.0,96,1681.87982
-116.0,116,1682.514063
-87.0,87,1683.050189
-112.0,112,1683.716532
-107.0,107,1684.423825
-97.0,97,1685.022591
-86.0,86,1685.682877
-127.0,127,1686.647655
-107.0,107,1687.173555
-105.0,105,1687.732565
-111.0,111,1688.382236
-113.0,113,1689.048581
-87.0,87,1689.565874
-117.0,117,1690.228806
-107.0,107,1690.978363
-152.0,152,1691.909854
-107.0,107,1692.481448
-170.0,170,1693.648463
-169.0,169,1694.628492
-133.0,133,1695.453737
-123.0,123,1696.279838
-153.0,153,1697.244362
-103.0,103,1697.820152
-200.0,200,1699.035035
-88.0,88,1699.67166
-84.0,84,1700.194713
-88.0,88,1700.624533
-108.0,108,1701.261549
-110.0,110,1702.019823
-120.0,120,1702.867137
-105.0,105,1703.65094
-160.0,160,1704.83656
-107.0,107,1705.450879
-111.0,111,1706.108483
-149.0,149,1706.924258
-99.0,99,1707.412266
-109.0,109,1707.979188
-83.0,83,1708.413591
-106.0,106,1709.025682
-107.0,107,1709.68998
-108.0,108,1710.310919
-132.0,132,1710.950222
-175.0,175,1712.16488
-96.0,96,1712.823359
-98.0,98,1713.422617
-111.0,111,1713.964108
-104.0,104,1714.551286
-178.0,178,1716.046269
-102.0,102,1716.622298
-158.0,158,1717.615233
-107.0,107,1718.296208
-157.0,157,1719.192621
-107.0,107,1719.740075
-92.0,92,1720.36384
-170.0,170,1721.621675
-84.0,84,1722.051307
-147.0,147,1722.959355
-105.0,105,1723.580022
-128.0,128,1724.393234
-164.0,164,1725.300319
-108.0,108,1725.958216
-129.0,129,1726.754165
-111.0,111,1727.539165
-156.0,156,1728.587077
-167.0,167,1729.682908
-116.0,116,1730.364413
-110.0,110,1730.972823
-110.0,110,1731.595395
-136.0,136,1732.38778
-97.0,97,1732.983313
-150.0,150,1734.075623
-110.0,110,1734.662514
-98.0,98,1735.323507
-106.0,106,1735.979517
-113.0,113,1736.688853
-165.0,165,1737.639116
-163.0,163,1738.599055
-161.0,161,1739.733135
-100.0,100,1740.387771
-116.0,116,1741.171709
-148.0,148,1742.169402
-156.0,156,1743.194604
-117.0,117,1744.023274
-110.0,110,1744.672952
-98.0,98,1745.307526
-123.0,123,1745.971923
-175.0,175,1746.991114
-185.0,185,1748.064755
-160.0,160,1749.085945
-169.0,169,1750.32195
-162.0,162,1751.305158
-156.0,156,1752.245653
-169.0,169,1753.142508
-92.0,92,1753.755338
-109.0,109,1754.395642
-162.0,162,1755.479432
-85.0,85,1755.981132
-123.0,123,1756.75347
-181.0,181,1757.798305
-101.0,101,1758.384993
-147.0,147,1759.74042
-111.0,111,1760.497161
-114.0,114,1761.173334
-155.0,155,1762.182654
-98.0,98,1762.794279
-115.0,115,1763.564909
-137.0,137,1764.408316
-133.0,133,1765.159485
-122.0,122,1765.904431
-178.0,178,1767.003957
-96.0,96,1767.562054
-93.0,93,1768.198223
-98.0,98,1768.853487
-181.0,181,1769.952871
-97.0,97,1770.528896
-112.0,112,1771.212334
-149.0,149,1772.190132
-123.0,123,1772.864476
-152.0,152,1773.852262
-102.0,102,1774.43804
-111.0,111,1775.127288
-95.0,95,1775.703104
-129.0,129,1776.363936
-89.0,89,1776.943885
-104.0,104,1777.554884
-121.0,121,1778.283467
-103.0,103,1778.887361
-148.0,148,1779.840208
-106.0,106,1780.431632
-102.0,102,1781.085469
-168.0,168,1782.08864
-158.0,158,1783.136371
-170.0,170,1784.185748
-111.0,111,1784.939993
-104.0,104,1785.573296
-92.0,92,1785.986928
-132.0,132,1786.559882
-124.0,124,1787.391536
-122.0,122,1787.920344
-117.0,117,1788.426479
-183.0,183,1789.435582
-187.0,187,1790.390175
-200.0,200,1791.587159
-130.0,130,1792.499727
-129.0,129,1793.382231
-185.0,185,1794.574778
-110.0,110,1795.293135
-187.0,187,1796.610814
-184.0,184,1797.721996
-193.0,193,1798.992852
-114.0,114,1799.634712
-129.0,129,1800.581566
-128.0,128,1801.341552
-110.0,110,1801.914474
-199.0,199,1803.330606
-118.0,118,1804.255625
-192.0,192,1805.503365
-114.0,114,1806.234194
-134.0,134,1806.976434
-182.0,182,1808.249135
-94.0,94,1808.741182
-128.0,128,1809.507682
-120.0,120,1810.083026
-122.0,122,1810.679529
-96.0,96,1811.17916
-157.0,157,1811.980964
-189.0,189,1812.934082
-92.0,92,1813.351921
-119.0,119,1813.984375
-184.0,184,1815.044336
-96.0,96,1815.445563
-100.0,100,1816.005052
-134.0,134,1817.01801
-95.0,95,1817.575222
-122.0,122,1818.235847
-121.0,121,1818.903715
-167.0,167,1820.191024
-115.0,115,1820.934669
-128.0,128,1821.63055
-160.0,160,1822.828895
-101.0,101,1823.357888
-188.0,188,1824.64287
-112.0,112,1825.368272
-126.0,126,1826.292301
-90.0,90,1826.922014
-118.0,118,1827.743392
-181.0,181,1828.814846
-109.0,109,1829.632982
-174.0,174,1830.727979
-174.0,174,1831.763154
-130.0,130,1832.576498
-91.0,91,1833.087171
-135.0,135,1833.899523
-170.0,170,1835.005973
-187.0,187,1836.304499
-172.0,172,1837.321899
-88.0,88,1837.769892
-181.0,181,1838.937271
-121.0,121,1839.652165
-95.0,95,1840.224682
-174.0,174,1841.299655
-95.0,95,1841.952466
-181.0,181,1843.079035
-132.0,132,1844.002671
-131.0,131,1844.827637
-106.0,106,1845.474313
-181.0,181,1846.524029
-131.0,131,1847.259911
-117.0,117,1847.84432
-121.0,121,1848.54251
-113.0,113,1849.155614
-116.0,116,1849.903466
-157.0,157,1850.882792
-190.0,190,1851.996943
-107.0,107,1852.793031
-98.0,98,1853.443976
-128.0,128,1854.279576
-113.0,113,1854.93933
-128.0,128,1855.84665
-112.0,112,1856.507134
-120.0,120,1857.20342
-110.0,110,1857.837045
-91.0,91,1858.311137
-94.0,94,1858.811148
-117.0,117,1859.620877
-104.0,104,1860.322292
-178.0,178,1861.309291
-92.0,92,1861.732668
-108.0,108,1862.376896
-107.0,107,1863.007969
-110.0,110,1863.662655
-200.0,200,1864.972885
-97.0,97,1865.539718
-104.0,104,1866.217709
-96.0,96,1866.719199
-104.0,104,1867.243906
-175.0,175,1868.315106
-110.0,110,1869.138434
-107.0,107,1869.774644
-106.0,106,1870.386148
-101.0,101,1870.933318
-110.0,110,1871.639103
-105.0,105,1872.342613
-108.0,108,1872.941241
-115.0,115,1873.706331
-159.0,159,1874.569963
-102.0,102,1875.263855
-84.0,84,1875.844895
-98.0,98,1876.527026
-121.0,121,1877.10012
-166.0,166,1878.12604
-90.0,90,1878.690149
-110.0,110,1879.399428
-117.0,117,1880.139423
-105.0,105,1880.824893
-114.0,114,1881.457952
-111.0,111,1881.998549
-113.0,113,1882.56223
-91.0,91,1883.117772
-118.0,118,1883.725472
-104.0,104,1884.220294
-119.0,119,1884.886535
-118.0,118,1885.562641
-107.0,107,1886.23694
-108.0,108,1887.323043
-117.0,117,1888.108554
-102.0,102,1888.719943
-121.0,121,1889.531241
-113.0,113,1890.267919
-110.0,110,1891.010859
-86.0,86,1891.487664
-111.0,111,1892.18592
-113.0,113,1893.081831
-112.0,112,1893.842084
-103.0,103,1894.691145
-108.0,108,1895.463706
-114.0,114,1896.119133
-104.0,104,1896.830778
-167.0,167,1898.040685
-103.0,103,1898.801173
-164.0,164,1899.974366
-126.0,126,1900.917664
-122.0,122,1901.83981
-92.0,92,1902.572148
-108.0,108,1903.278361
-153.0,153,1904.497023
-108.0,108,1905.388277
-90.0,90,1905.987597
-114.0,114,1906.8072
-109.0,109,1907.593932
-105.0,105,1908.234317
-111.0,111,1908.904321
-112.0,112,1909.586098
-110.0,110,1910.316291
-114.0,114,1911.044661
-110.0,110,1911.778894
-128.0,128,1912.561827
-109.0,109,1913.189997
-111.0,111,1913.676289
-117.0,117,1914.758268
-88.0,88,1915.201055
-109.0,109,1915.895659
-106.0,106,1916.48315
-100.0,100,1917.139133
-102.0,102,1917.762285
-109.0,109,1918.401266
-109.0,109,1919.110756
-108.0,108,1919.86171
-132.0,132,1920.51841
-112.0,112,1921.17735
-107.0,107,1921.815033
-89.0,89,1922.437367
-85.0,85,1922.930868
-105.0,105,1923.654436
-103.0,103,1924.293753
-103.0,103,1924.909581
-87.0,87,1925.375098
-104.0,104,1925.975191
-107.0,107,1926.803036
-104.0,104,1927.402358
-111.0,111,1927.997933
-109.0,109,1928.595629
-110.0,110,1929.286258
-100.0,100,1929.84599
-149.0,149,1930.785747
-125.0,125,1931.538594
-110.0,110,1932.308319
-170.0,170,1933.586115
-108.0,108,1934.197815
-104.0,104,1934.856372
-193.0,193,1935.957744
-106.0,106,1936.619645
-104.0,104,1937.262437
-172.0,172,1938.25085
-107.0,107,1938.899883
-103.0,103,1939.618096
-105.0,105,1940.161047
-106.0,106,1940.74066
-110.0,110,1941.521009
-118.0,118,1942.225478
-114.0,114,1942.982323
-108.0,108,1943.564946
-88.0,88,1944.099333
-86.0,86,1944.522808
-115.0,115,1945.406558
-125.0,125,1946.221514
-108.0,108,1946.808118
-90.0,90,1947.233062
-116.0,116,1948.048944
-102.0,102,1948.737345
-105.0,105,1949.212456
-91.0,91,1949.680088
-111.0,111,1950.291029
-102.0,102,1950.813059
-100.0,100,1951.45598
-150.0,150,1952.304875
-109.0,109,1952.81811
-115.0,115,1953.437791
-115.0,115,1954.239575
-102.0,102,1954.921906
-105.0,105,1955.507775
-86.0,86,1956.045668
-105.0,105,1956.730807
-83.0,83,1957.293379
-106.0,106,1957.863111
-105.0,105,1958.477835
-105.0,105,1959.143397
-86.0,86,1959.765204
-105.0,105,1960.402247
-154.0,154,1961.53721
-105.0,105,1962.221772
-84.0,84,1962.741596
-88.0,88,1963.183993
-113.0,113,1963.972482
-105.0,105,1964.619492
-110.0,110,1965.33157
-131.0,131,1966.186722
-84.0,84,1966.693573
-130.0,130,1967.363941
-110.0,110,1968.126758
-105.0,105,1968.688619
-101.0,101,1969.245041
-87.0,87,1969.682289
-104.0,104,1970.299727
-113.0,113,1970.949335
-107.0,107,1971.490917
-84.0,84,1972.090269
-108.0,108,1972.695712
-107.0,107,1973.179512
-105.0,105,1973.652658
-108.0,108,1974.362652
-119.0,119,1975.055189
-107.0,107,1975.651596
-108.0,108,1976.269632
-126.0,126,1977.022021
-104.0,104,1977.646612
-155.0,155,1978.563391
-157.0,157,1979.587253
-103.0,103,1980.146243
-101.0,101,1980.68045
-117.0,117,1981.359994
-200.0,200,1982.676976
-184.0,184,1983.72649
-111.0,111,1984.323884
-107.0,107,1984.922944
-106.0,106,1985.661471
-110.0,110,1986.338827
-118.0,118,1987.083933
-106.0,106,1987.677556
-92.0,92,1988.230396
-118.0,118,1988.84325
-110.0,110,1989.331651
-101.0,101,1989.937402
-130.0,130,1990.6777
-116.0,116,1991.395759
-111.0,111,1992.106472
-122.0,122,1992.902216
-127.0,127,1993.737331
-120.0,120,1994.424705
-119.0,119,1995.221889
-88.0,88,1995.746478
-166.0,166,1996.877908
-93.0,93,1997.420001
-91.0,91,1997.874256
-95.0,95,1998.556178
-110.0,110,1999.261342
-113.0,113,1999.91996
-115.0,115,2000.595438
-92.0,92,2001.159512
-103.0,103,2001.829963
-109.0,109,2002.581075
-106.0,106,2003.182087
-119.0,119,2003.983621
-112.0,112,2004.608667
-109.0,109,2005.370583
-86.0,86,2005.775111
-110.0,110,2006.365185
-116.0,116,2007.053071
-122.0,122,2007.701047
-121.0,121,2008.414102
-111.0,111,2009.024351
-118.0,118,2009.673197
-113.0,113,2010.357811
-89.0,89,2010.944402
-125.0,125,2011.714336
-119.0,119,2012.47754
-116.0,116,2013.137283
-88.0,88,2013.676943
-90.0,90,2014.228032
-122.0,122,2015.152875
-108.0,108,2015.775645
-123.0,123,2016.49677
-88.0,88,2017.1249
-117.0,117,2017.880468
-116.0,116,2018.552417
-110.0,110,2019.222991
-87.0,87,2019.825048
-108.0,108,2020.382392
-94.0,94,2020.927518
-117.0,117,2021.524385
-102.0,102,2022.098394
-120.0,120,2022.916197
-88.0,88,2023.576541
-112.0,112,2024.136792
-124.0,124,2024.806656
-120.0,120,2025.495244
-87.0,87,2026.089716
-91.0,91,2026.643774
-85.0,85,2027.219289
-90.0,90,2027.757121
-113.0,113,2028.494763
-116.0,116,2029.067263
-117.0,117,2029.728943
-103.0,103,2030.297512
-110.0,110,2030.836736
-115.0,115,2031.513286
-158.0,158,2032.601054
-119.0,119,2033.422673
-122.0,122,2034.170056
-122.0,122,2035.030051
-105.0,105,2035.670397
-92.0,92,2036.24835
-86.0,86,2036.67461
-117.0,117,2037.247558
-95.0,95,2037.827572
-121.0,121,2038.574971
-140.0,140,2039.476395
-90.0,90,2039.96502
-119.0,119,2040.704112
-92.0,92,2041.284864
-200.0,200,2042.486509
-94.0,94,2043.008375
-123.0,123,2043.703108
-117.0,117,2044.441447
-121.0,121,2045.196028
-103.0,103,2045.841594
-113.0,113,2046.713941
-114.0,114,2047.543561
-92.0,92,2048.075449
-89.0,89,2048.670322
-169.0,169,2049.733707
-122.0,122,2050.569766
-181.0,181,2051.733192
-173.0,173,2052.776834
-174.0,174,2054.048276
-168.0,168,2055.008283
-107.0,107,2055.598162
-126.0,126,2056.276826
-113.0,113,2056.984741
-200.0,200,2058.028435
-109.0,109,2058.566206
-108.0,108,2059.117092
-83.0,83,2059.57854
-166.0,166,2060.428465
-105.0,105,2060.927801
-91.0,91,2061.472484
-166.0,166,2062.511508
-184.0,184,2063.492942
-105.0,105,2063.989122
-168.0,168,2065.383898
-107.0,107,2066.056951
-89.0,89,2066.459217
-115.0,115,2067.208788
-169.0,169,2068.429145
-110.0,110,2069.144426
-164.0,164,2070.364799
-90.0,90,2070.890707
-107.0,107,2071.447837
-105.0,105,2072.059833
-115.0,115,2072.789808
-112.0,112,2073.461748
-104.0,104,2074.0974
-107.0,107,2074.657647
-106.0,106,2075.326131
-91.0,91,2075.814114
-104.0,104,2076.387927
-85.0,85,2076.975959
-107.0,107,2077.685424
-111.0,111,2078.321526
-95.0,95,2078.869636
-94.0,94,2079.396871
-197.0,197,2080.38734
-85.0,85,2081.01423
-108.0,108,2081.599443
-109.0,109,2082.325457
-102.0,102,2083.067677
-94.0,94,2083.598318
-122.0,122,2084.296749
-157.0,157,2085.326235
-190.0,190,2086.367328
-107.0,107,2087.007923
-200.0,200,2088.304381
-108.0,108,2088.880898
-105.0,105,2089.412749
-118.0,118,2090.261826
-111.0,111,2090.888667
-89.0,89,2091.246205
-104.0,104,2091.819164
-84.0,84,2092.278076
-105.0,105,2092.848528
-111.0,111,2093.427893
-91.0,91,2093.881805
-103.0,103,2094.378258
-114.0,114,2094.98565
-146.0,146,2095.939333
-120.0,120,2096.594903
-162.0,162,2097.452605
-100.0,100,2098.062711
-118.0,118,2098.705786
-109.0,109,2099.252079
-91.0,91,2099.785358
-107.0,107,2100.509264
-87.0,87,2101.073258
-118.0,118,2101.740301
-174.0,174,2102.907838
-145.0,145,2103.848624
-104.0,104,2104.573075
-193.0,193,2105.673269
-153.0,153,2106.569051
-149.0,149,2107.310324
-170.0,170,2108.410188
-146.0,146,2109.277152
-185.0,185,2110.272876
-83.0,83,2110.712281
-121.0,121,2111.351197
-106.0,106,2111.94534
-128.0,128,2112.75519
-186.0,186,2113.955102
-104.0,104,2114.438217
-110.0,110,2115.113401
-165.0,165,2116.210577
-95.0,95,2116.805145
-173.0,173,2117.830165
-110.0,110,2118.52383
-194.0,194,2119.689159
-126.0,126,2120.364771
-154.0,154,2121.344184
-108.0,108,2122.015105
-112.0,112,2122.71545
-106.0,106,2123.416639
-115.0,115,2124.084276
-106.0,106,2124.795449
-108.0,108,2125.530686
-116.0,116,2126.275967
-191.0,191,2127.438658
-111.0,111,2128.227751
-109.0,109,2128.770892
-162.0,162,2129.646392
-105.0,105,2130.276363
-102.0,102,2130.959035
-111.0,111,2131.630427
-105.0,105,2132.306978
-108.0,108,2132.84112
-158.0,158,2133.879319
-124.0,124,2134.595774
-138.0,138,2135.34199
-125.0,125,2136.035839
-200.0,200,2137.096364
-200.0,200,2138.252054
-178.0,178,2139.409115
-107.0,107,2140.158585
-149.0,149,2141.070601
-194.0,194,2142.510239
-152.0,152,2144.010656
-105.0,105,2144.687072
-129.0,129,2145.453529
-112.0,112,2146.266338
-155.0,155,2147.195017
-104.0,104,2147.808239
-115.0,115,2148.563789
-107.0,107,2149.169626
-115.0,115,2149.856334
-107.0,107,2150.698759
-85.0,85,2151.335834
-155.0,155,2152.313977
-150.0,150,2153.343178
-105.0,105,2154.088126
-114.0,114,2154.948537
-182.0,182,2156.254783
-179.0,179,2157.548314
-110.0,110,2158.362956
-107.0,107,2159.062863
-94.0,94,2159.792943
-112.0,112,2160.672443
-200.0,200,2162.207416
-111.0,111,2162.926383
-109.0,109,2163.542016
-103.0,103,2164.190645
-181.0,181,2165.434707
-110.0,110,2166.203971
-106.0,106,2166.831941
-106.0,106,2167.57356
-110.0,110,2168.285282
-115.0,115,2169.067867
-119.0,119,2169.797333
-125.0,125,2170.682443
-132.0,132,2171.49676
-118.0,118,2172.351443
-97.0,97,2172.832066
-113.0,113,2173.533353
-120.0,120,2174.239372
-109.0,109,2174.849407
-200.0,200,2176.19284
-107.0,107,2176.877818
-118.0,118,2177.719951
-112.0,112,2178.353465
-108.0,108,2178.928417
-116.0,116,2179.54043
-164.0,164,2180.709475
-111.0,111,2181.408349
-110.0,110,2182.187918
-105.0,105,2182.813217
-110.0,110,2183.450246
-124.0,124,2184.279425
-114.0,114,2185.046738
-106.0,106,2185.551058
-118.0,118,2186.302057
-190.0,190,2187.686082
-110.0,110,2188.403584
-120.0,120,2189.223056
-109.0,109,2189.920794
-108.0,108,2190.446785
-121.0,121,2191.08832
-150.0,150,2192.017317
-118.0,118,2192.746196
-99.0,99,2193.3847
-113.0,113,2194.018662
-107.0,107,2194.694269
-107.0,107,2195.477425
-107.0,107,2196.243794
-107.0,107,2196.882496
-107.0,107,2197.494054
-109.0,109,2198.31873
-123.0,123,2199.185086
-107.0,107,2199.905629
-108.0,108,2200.539068
-111.0,111,2201.340031
-122.0,122,2202.202625
-111.0,111,2202.881694
-110.0,110,2203.648664
-140.0,140,2204.418091
-125.0,125,2205.11374
-114.0,114,2205.842751
-123.0,123,2206.494589
-116.0,116,2207.159911
-116.0,116,2207.857906
-116.0,116,2208.593336
-200.0,200,2209.703703
-200.0,200,2211.001284
-124.0,124,2211.761984
-116.0,116,2212.521301
-108.0,108,2213.188116
-110.0,110,2213.809787
-111.0,111,2214.451903
-127.0,127,2215.298965
-112.0,112,2215.818332
-113.0,113,2216.547561
-113.0,113,2217.198662
-122.0,122,2218.061633
-114.0,114,2218.725195
-116.0,116,2219.422449
-115.0,115,2220.211527
-194.0,194,2221.623511
-126.0,126,2222.31332
-113.0,113,2222.906907
-127.0,127,2223.616316
-192.0,192,2224.967639
-200.0,200,2226.223868
-116.0,116,2226.888906
-145.0,145,2227.840369
-121.0,121,2228.586403
-133.0,133,2229.406245
-133.0,133,2230.261428
-114.0,114,2230.835772
-119.0,119,2231.601993
-111.0,111,2232.368119
-114.0,114,2233.042696
-114.0,114,2233.839885
-179.0,179,2235.056752
-200.0,200,2236.288506
-129.0,129,2237.061118
-118.0,118,2237.829403
-125.0,125,2238.654535
-94.0,94,2239.118954
-100.0,100,2239.757927
-120.0,120,2240.433947
-120.0,120,2241.235787
-190.0,190,2242.407345
-88.0,88,2242.925904
-116.0,116,2243.61136
-200.0,200,2244.830081
-114.0,114,2245.47402
-112.0,112,2246.13487
-115.0,115,2246.743678
-138.0,138,2247.650383
-141.0,141,2248.439869
-151.0,151,2249.296684
-115.0,115,2249.872013
-113.0,113,2250.474628
-117.0,117,2251.057262
-123.0,123,2251.764292
-119.0,119,2252.403792
-200.0,200,2253.647072
-97.0,97,2254.188566
-94.0,94,2254.660495
-107.0,107,2255.286523
-187.0,187,2256.260401
-116.0,116,2256.842764
-200.0,200,2257.870202
-119.0,119,2258.525139
-114.0,114,2259.176589
-97.0,97,2259.804221
-136.0,136,2260.596867
-107.0,107,2261.165032
-119.0,119,2261.734318
-126.0,126,2262.591527
-200.0,200,2263.801108
-115.0,115,2264.345522
-115.0,115,2264.858624
-129.0,129,2265.557167
-117.0,117,2266.25475
-115.0,115,2266.999233
-160.0,160,2267.921665
-92.0,92,2268.524508
-127.0,127,2269.228824
-91.0,91,2269.651084
-118.0,118,2270.170883
-90.0,90,2270.710078
-139.0,139,2271.4606
-141.0,141,2272.292037
-148.0,148,2273.097258
-124.0,124,2273.802316
-89.0,89,2274.29172
-107.0,107,2274.891519
-121.0,121,2275.535728
-123.0,123,2276.30348
-143.0,143,2277.207844
-107.0,107,2277.688253
-113.0,113,2278.375696
-146.0,146,2279.275131
-93.0,93,2279.928683
-94.0,94,2280.50518
-92.0,92,2281.184149
-145.0,145,2281.99429
-87.0,87,2282.459063
-185.0,185,2283.613019
-143.0,143,2284.56854
-95.0,95,2285.069586
-109.0,109,2285.696576
-108.0,108,2286.378513
-119.0,119,2287.028496
-147.0,147,2287.858565
-90.0,90,2288.424866
-87.0,87,2288.90251
-107.0,107,2289.579926
-91.0,91,2290.104144
-104.0,104,2290.79898
-179.0,179,2291.864976
-85.0,85,2292.281895
-106.0,106,2292.886511
-184.0,184,2293.939783
-110.0,110,2294.727653
-110.0,110,2295.382268
-93.0,93,2295.904828
-112.0,112,2296.668283
-116.0,116,2297.299143
-117.0,117,2297.990859
-177.0,177,2299.043226
-200.0,200,2300.236562
-107.0,107,2300.780456
-107.0,107,2301.369424
-92.0,92,2301.894943
-106.0,106,2302.570094
-182.0,182,2303.500159
-115.0,115,2304.198384
-108.0,108,2304.778037
-191.0,191,2305.882642
-89.0,89,2306.454977
-104.0,104,2307.032897
-185.0,185,2308.153814
-107.0,107,2308.808994
-177.0,177,2309.926829
-89.0,89,2310.377923
-198.0,198,2311.309935
-156.0,156,2312.275508
-200.0,200,2313.389009
-90.0,90,2313.904259
-200.0,200,2315.055341
-89.0,89,2315.614861
-110.0,110,2316.238818
-99.0,99,2316.735789
-106.0,106,2317.456761
-106.0,106,2318.135536
-87.0,87,2318.592419
-164.0,164,2319.570265
-106.0,106,2320.158236
-84.0,84,2320.589174
-104.0,104,2321.088744
-105.0,105,2321.777859
-104.0,104,2322.281456
-108.0,108,2322.904036
-107.0,107,2323.540009
-105.0,105,2324.091515
-88.0,88,2324.606843
-117.0,117,2325.389575
-173.0,173,2326.317882
-106.0,106,2326.916531
-104.0,104,2327.434405
-161.0,161,2328.360889
-105.0,105,2328.958736
-101.0,101,2329.525605
-108.0,108,2330.186413
-89.0,89,2330.817343
-106.0,106,2331.476182
-172.0,172,2332.651501
-108.0,108,2333.359181
-163.0,163,2334.453945
-190.0,190,2335.676384
-108.0,108,2336.283041
-112.0,112,2336.993482
-109.0,109,2337.709752
-161.0,161,2338.786874
-123.0,123,2339.522148
-84.0,84,2340.021037
-102.0,102,2340.622507
-109.0,109,2341.302667
-85.0,85,2341.902203
-114.0,114,2342.510131
-125.0,125,2343.225298
-158.0,158,2344.092638
-113.0,113,2344.753323
-106.0,106,2345.386932
-111.0,111,2345.980323
-113.0,113,2346.699525
-94.0,94,2347.268033
-84.0,84,2347.773121
-83.0,83,2348.2258
-125.0,125,2348.923974
-178.0,178,2349.840698
-84.0,84,2350.439666
-102.0,102,2351.03559
-112.0,112,2351.651007
-103.0,103,2352.336476
-97.0,97,2352.961261
-122.0,122,2353.773855
-87.0,87,2354.317981
-104.0,104,2354.932067
-111.0,111,2355.65132
-106.0,106,2356.29483
-89.0,89,2356.892414
-115.0,115,2357.535402
-108.0,108,2358.304453
-109.0,109,2358.933875
-103.0,103,2359.576167
-105.0,105,2360.18364
-102.0,102,2360.732266
-118.0,118,2361.545396
-104.0,104,2362.175495
-91.0,91,2362.845078
-105.0,105,2363.560458
-105.0,105,2364.19449
-106.0,106,2364.957034
-106.0,106,2365.462758
-102.0,102,2366.093456
-86.0,86,2366.522965
-115.0,115,2367.044698
-109.0,109,2367.78427
-89.0,89,2368.329051
-105.0,105,2369.24279
-107.0,107,2369.768648
-107.0,107,2370.351146
-86.0,86,2370.940595
-110.0,110,2371.581742
-108.0,108,2372.188135
-103.0,103,2372.729813
-105.0,105,2373.18553
-95.0,95,2373.752484
-107.0,107,2374.274622
-108.0,108,2374.961927
-107.0,107,2375.594348
-93.0,93,2376.067252
-95.0,95,2376.527419
-108.0,108,2377.237715
-93.0,93,2377.762506
-105.0,105,2378.329445
-107.0,107,2378.876105
-106.0,106,2379.469483
-105.0,105,2380.218945
-109.0,109,2380.946704
-108.0,108,2381.593507
-109.0,109,2382.163464
-105.0,105,2382.893479
-94.0,94,2383.439835
-93.0,93,2383.978293
-112.0,112,2384.809093
-120.0,120,2385.424891
-114.0,114,2386.137065
-200.0,200,2387.306079
-94.0,94,2387.905807
-112.0,112,2388.456401
-106.0,106,2389.010774
-116.0,116,2389.689213
-89.0,89,2390.183477
-106.0,106,2390.77949
-107.0,107,2391.337781
-112.0,112,2392.065315
-104.0,104,2392.733888
-118.0,118,2393.518796
-93.0,93,2394.020276
-105.0,105,2394.704259
-87.0,87,2395.277232
-102.0,102,2395.94054
-105.0,105,2396.565812
-87.0,87,2397.042207
-102.0,102,2397.688719
-105.0,105,2398.782778
-105.0,105,2399.499538
-108.0,108,2400.20914
-95.0,95,2400.824594
-91.0,91,2401.446019
-123.0,123,2402.260223
-85.0,85,2402.785582
-87.0,87,2403.330619
-107.0,107,2404.060889
-104.0,104,2404.706868
-86.0,86,2405.481907
-129.0,129,2406.38756
-97.0,97,2407.059175
-105.0,105,2407.74864
-103.0,103,2408.531904
-89.0,89,2409.069658
-85.0,85,2409.766732
-86.0,86,2410.341095
-190.0,190,2411.627241
-86.0,86,2412.192391
-103.0,103,2412.957852
-83.0,83,2413.638359
-102.0,102,2414.331234
-107.0,107,2415.150015
-100.0,100,2415.881856
-100.0,100,2416.643773
-106.0,106,2417.435391
-89.0,89,2418.034868
-88.0,88,2418.565584
-90.0,90,2419.133326
-105.0,105,2419.7607
-102.0,102,2420.410216
-106.0,106,2421.170692
-136.0,136,2422.050773
-90.0,90,2422.689744
-106.0,106,2423.308976
-122.0,122,2423.988689
-126.0,126,2424.802199
-119.0,119,2425.554434
-107.0,107,2426.308283
-164.0,164,2427.305064
-111.0,111,2427.967011
-164.0,164,2429.124976
-86.0,86,2429.669656
-105.0,105,2430.419003
-107.0,107,2431.065371
-158.0,158,2431.981788
-93.0,93,2432.437196
-156.0,156,2433.524759
-162.0,162,2434.602857
-124.0,124,2435.340971
-192.0,192,2436.316155
-94.0,94,2436.862135
-116.0,116,2437.577025
-106.0,106,2438.266352
-88.0,88,2438.760477
-111.0,111,2439.272185
-179.0,179,2440.296733
-120.0,120,2441.254673
-103.0,103,2441.805434
-86.0,86,2442.359167
-85.0,85,2442.776314
-105.0,105,2443.46208
-108.0,108,2444.148569
-107.0,107,2444.838894
-107.0,107,2445.467621
-148.0,148,2446.413059
-107.0,107,2447.015574
-169.0,169,2448.020303
-92.0,92,2448.676077
-146.0,146,2449.666189
-108.0,108,2450.277249
-138.0,138,2451.153263
-110.0,110,2451.734801
-140.0,140,2452.798696
-92.0,92,2453.351534
-92.0,92,2453.902473
-150.0,150,2455.020695
-106.0,106,2455.720342
-97.0,97,2456.28721
-89.0,89,2456.882096
-109.0,109,2457.534095
-91.0,91,2458.021169
-105.0,105,2458.569699
-153.0,153,2459.451643
-108.0,108,2460.117765
-108.0,108,2460.886164
-111.0,111,2461.519108
-108.0,108,2462.084595
-113.0,113,2462.787479
-90.0,90,2463.318826
-173.0,173,2464.598567
-87.0,87,2465.069889
-93.0,93,2465.672294
-116.0,116,2466.400977
-96.0,96,2466.920256
-89.0,89,2467.429451
-126.0,126,2468.102088
-162.0,162,2469.06796
-111.0,111,2469.645758
-128.0,128,2470.290504
-85.0,85,2470.740021
-88.0,88,2471.201904
-151.0,151,2472.131898
-106.0,106,2472.769211
-134.0,134,2473.475696
-119.0,119,2474.233644
-108.0,108,2474.93476
-129.0,129,2475.905741
-88.0,88,2476.428435
-115.0,115,2477.063008
-91.0,91,2477.558782
-117.0,117,2478.419079
-94.0,94,2479.092646
-174.0,174,2480.17317
-87.0,87,2480.659662
-149.0,149,2481.455287
-103.0,103,2482.012989
-114.0,114,2482.692316
-164.0,164,2483.66129
-199.0,199,2484.776935
-171.0,171,2485.840566
-200.0,200,2487.163643
-170.0,170,2488.34833
-129.0,129,2488.981112
-200.0,200,2490.134876
-200.0,200,2491.129685
-194.0,194,2492.126953
-117.0,117,2492.931082
-168.0,168,2493.852765
-172.0,172,2494.820387
-194.0,194,2495.915667
-120.0,120,2496.73415
-96.0,96,2497.269477
-93.0,93,2497.734327
-88.0,88,2498.336103
-177.0,177,2499.421911
-138.0,138,2500.217295
-105.0,105,2500.869036
-117.0,117,2501.686455
-107.0,107,2502.285407
-88.0,88,2502.791298
-90.0,90,2503.37521
-92.0,92,2503.926154
-89.0,89,2504.505917
-103.0,103,2505.065349
-110.0,110,2505.848707
-92.0,92,2506.480629
-125.0,125,2507.206458
-108.0,108,2507.850861
-92.0,92,2508.424508
-107.0,107,2509.242649
-108.0,108,2509.946299
-107.0,107,2510.545929
-200.0,200,2511.977241
-124.0,124,2512.536531
-112.0,112,2513.123068
-88.0,88,2513.702585
-116.0,116,2514.474575
-200.0,200,2515.808867
-108.0,108,2516.435534
-171.0,171,2517.632674
-111.0,111,2518.241129
-112.0,112,2519.035309
-163.0,163,2519.959991
-182.0,182,2521.267551
-194.0,194,2522.41838
-115.0,115,2523.043311
-175.0,175,2524.691734
-159.0,159,2525.699593
-87.0,87,2526.309991
-187.0,187,2527.47466
-111.0,111,2528.20334
-187.0,187,2529.286802
-107.0,107,2529.893998
-110.0,110,2530.624951
-111.0,111,2531.265519
-139.0,139,2532.213584
-200.0,200,2533.49772
-107.0,107,2534.207452
-181.0,181,2535.439388
-110.0,110,2536.237775
-94.0,94,2536.90955
-200.0,200,2538.117043
-200.0,200,2539.377227
-182.0,182,2540.444824
-167.0,167,2541.406586
-160.0,160,2542.397222
-200.0,200,2543.813184
-200.0,200,2544.936277
-121.0,121,2545.643103
-92.0,92,2546.322105
-94.0,94,2546.841236
-122.0,122,2547.722937
-102.0,102,2548.358806
-118.0,118,2549.149158
-182.0,182,2550.418415
-125.0,125,2551.231911
-123.0,123,2552.03628
-167.0,167,2553.105998
-200.0,200,2554.316036
-103.0,103,2554.93953
-200.0,200,2556.152541
-105.0,105,2556.748997
-122.0,122,2557.485454
-130.0,130,2558.334781
-138.0,138,2559.27134
-115.0,115,2560.038775
-138.0,138,2560.88573
-200.0,200,2562.137893
-119.0,119,2562.952111
-162.0,162,2563.968409
-166.0,166,2564.936755
-185.0,185,2566.006282
-191.0,191,2567.036046
-105.0,105,2567.648392
-198.0,198,2568.809325
-151.0,151,2569.673119
-158.0,158,2570.603819
-106.0,106,2571.322996
-159.0,159,2572.238595
-200.0,200,2573.374679
-189.0,189,2574.497116
-126.0,126,2575.240643
-103.0,103,2575.885104
-200.0,200,2577.123906
-107.0,107,2577.672794
-158.0,158,2578.61936
-126.0,126,2579.418347
-150.0,150,2580.426766
-158.0,158,2581.310821
-121.0,121,2582.128636
-122.0,122,2582.774329
-169.0,169,2583.782188
-157.0,157,2584.757658
-103.0,103,2585.29591
-156.0,156,2586.21968
-129.0,129,2586.87942
-125.0,125,2587.700044
-151.0,151,2588.588667
-153.0,153,2589.565007
-129.0,129,2590.274739
-199.0,199,2591.462517
-154.0,154,2592.401812
-125.0,125,2593.064783
-126.0,126,2593.780441
-200.0,200,2595.036461
-99.0,99,2595.643892
-200.0,200,2596.856789
-160.0,160,2597.534303
-158.0,158,2598.334581
-109.0,109,2598.995315
-128.0,128,2599.822404
-133.0,133,2600.816088
-161.0,161,2601.612812
-200.0,200,2602.802249
-147.0,147,2603.746463
-143.0,143,2604.582976
-200.0,200,2605.806601
-200.0,200,2607.033743
-200.0,200,2608.337731
-152.0,152,2609.152308
-152.0,152,2610.065978
-161.0,161,2610.877004
-152.0,152,2611.76667
-114.0,114,2612.454168
-142.0,142,2613.274532
-200.0,200,2614.45996
-106.0,106,2615.006563
-130.0,130,2616.023661
-156.0,156,2616.912677
-126.0,126,2617.79415
-94.0,94,2618.335878
-107.0,107,2619.12352
-92.0,92,2619.752018
-121.0,121,2620.449656
-120.0,120,2621.240955
-89.0,89,2621.751376
-90.0,90,2622.218768
-123.0,123,2623.0031
-121.0,121,2623.593536
-114.0,114,2624.288932
-102.0,102,2624.847338
-87.0,87,2625.392295
-137.0,137,2626.106133
-114.0,114,2626.787885
-119.0,119,2627.590834
-93.0,93,2628.096578
-119.0,119,2628.808695
-133.0,133,2629.57326
-121.0,121,2630.252967
-127.0,127,2631.026467
-141.0,141,2631.784891
-183.0,183,2633.065154
-147.0,147,2633.92964
-122.0,122,2634.744202
-104.0,104,2635.337899
-127.0,127,2636.080832
-172.0,172,2637.158888
-94.0,94,2637.748844
-177.0,177,2638.935763
-122.0,122,2639.676332
-111.0,111,2640.382365
-115.0,115,2641.114089
-108.0,108,2641.739403
-108.0,108,2642.50341
-164.0,164,2643.559431
-177.0,177,2644.633476
-123.0,123,2645.383616
-115.0,115,2646.084866
-113.0,113,2646.678633
-181.0,181,2647.697322
-166.0,166,2648.691235
-94.0,94,2649.29713
-151.0,151,2650.224247
-177.0,177,2651.319718
-89.0,89,2651.821817
-86.0,86,2652.353683
-172.0,172,2653.316882
-131.0,131,2654.167851
-92.0,92,2654.706439
-189.0,189,2655.922821
-106.0,106,2656.472689
-91.0,91,2657.05899
-84.0,84,2657.524611
-110.0,110,2658.365715
-119.0,119,2659.119555
-109.0,109,2659.702431
-131.0,131,2660.58054
-200.0,200,2662.391933
-134.0,134,2663.355798
-147.0,147,2664.391066
-101.0,101,2665.140883
-121.0,121,2665.947759
-98.0,98,2666.574223
-122.0,122,2667.312257
-108.0,108,2667.871805
-200.0,200,2669.299957
-103.0,103,2669.95776
-110.0,110,2670.622002
-119.0,119,2671.380094
-90.0,90,2671.968987
-118.0,118,2672.747414
-114.0,114,2673.648126
-107.0,107,2674.357706
-113.0,113,2675.051624
-104.0,104,2675.736135
-150.0,150,2676.653621
-112.0,112,2677.348588
-184.0,184,2678.868447
-99.0,99,2679.602348
-145.0,145,2680.456141
-173.0,173,2681.444472
-104.0,104,2682.037064
-140.0,140,2683.04537
-109.0,109,2683.665078
-92.0,92,2684.239248
-108.0,108,2685.202481
-107.0,107,2686.077091
-111.0,111,2686.817278
-173.0,173,2687.802948
-103.0,103,2688.309681
-131.0,131,2689.033792
-108.0,108,2689.821921
-113.0,113,2690.389004
-105.0,105,2691.053065
-171.0,171,2692.151277
-104.0,104,2692.858686
-105.0,105,2693.501758
-154.0,154,2694.538886
-184.0,184,2695.607553
-104.0,104,2696.241081
-114.0,114,2696.993482
-108.0,108,2697.707974
-200.0,200,2698.757878
-143.0,143,2699.56998
-106.0,106,2700.282227
-116.0,116,2701.102972
-170.0,170,2702.082108
-200.0,200,2703.335814
-177.0,177,2704.4197
-167.0,167,2705.404618
-171.0,171,2706.358583
-112.0,112,2707.062781
-94.0,94,2707.533169
-112.0,112,2708.400511
-108.0,108,2709.099136
-161.0,161,2710.144288
-153.0,153,2711.093578
-103.0,103,2711.649021
-168.0,168,2712.706977
-109.0,109,2713.430758
-101.0,101,2714.062801
-109.0,109,2714.586738
-115.0,115,2715.285558
-112.0,112,2715.921601
-108.0,108,2716.589719
-110.0,110,2717.12642
-110.0,110,2717.670961
-117.0,117,2718.381186
-88.0,88,2718.927465
-156.0,156,2719.855688
-107.0,107,2720.501107
-86.0,86,2720.953508
-152.0,152,2721.891914
-105.0,105,2722.438165
-86.0,86,2722.934538
-116.0,116,2723.737153
-166.0,166,2724.790135
-86.0,86,2725.201717
-108.0,108,2725.845208
-90.0,90,2726.379645
-121.0,121,2727.140651
-106.0,106,2727.863744
-86.0,86,2728.231359
-162.0,162,2729.192743
-104.0,104,2729.790894
-110.0,110,2730.62617
-88.0,88,2731.232419
-86.0,86,2731.699226
-109.0,109,2732.300004
-108.0,108,2732.881331
-157.0,157,2733.788951
-115.0,115,2734.52549
-90.0,90,2735.01467
-109.0,109,2735.684283
-110.0,110,2736.282275
-120.0,120,2736.923811
-169.0,169,2737.892662
-109.0,109,2738.442059
-107.0,107,2739.078832
-93.0,93,2739.582274
-106.0,106,2740.211211
-116.0,116,2740.826531
-107.0,107,2741.341616
-107.0,107,2741.904907
-159.0,159,2742.777803
-119.0,119,2743.577826
-99.0,99,2744.118774
-95.0,95,2744.698804
-109.0,109,2745.31911
-114.0,114,2745.968988
-112.0,112,2746.545566
-121.0,121,2747.131691
-101.0,101,2747.818629
-180.0,180,2748.936683
-93.0,93,2749.528478
-85.0,85,2749.982441
-157.0,157,2750.954424
-108.0,108,2751.465004
-157.0,157,2752.280085
-154.0,154,2753.366024
-107.0,107,2753.968775
-170.0,170,2754.836712
-108.0,108,2755.504118
-109.0,109,2756.062159
-112.0,112,2756.822474
-156.0,156,2757.808234
-109.0,109,2758.654115
-107.0,107,2759.369522
-101.0,101,2759.94383
-99.0,99,2760.622086
-113.0,113,2761.30513
-116.0,116,2761.934658
-174.0,174,2763.057174
-91.0,91,2763.534702
-108.0,108,2764.192596
-90.0,90,2764.634167
-161.0,161,2765.623725
-176.0,176,2766.504788
-177.0,177,2767.479762
-168.0,168,2768.49411
-155.0,155,2769.302742
-107.0,107,2769.952881
-166.0,166,2770.864175
-117.0,117,2771.66483
-115.0,115,2772.422734
-108.0,108,2772.937183
-171.0,171,2773.820369
-151.0,151,2774.520614
-170.0,170,2775.229643
-95.0,95,2775.645179
-155.0,155,2776.387975
-110.0,110,2776.88143
-200.0,200,2777.955748
-137.0,137,2778.904408
-150.0,150,2779.822822
-200.0,200,2780.903327
-153.0,153,2781.863353
-200.0,200,2783.18953
-156.0,156,2784.039743
-157.0,157,2785.102968
-143.0,143,2786.162409
-144.0,144,2787.052871
-115.0,115,2787.678797
-90.0,90,2788.267424
-200.0,200,2789.268668
-144.0,144,2790.006184
-91.0,91,2790.353528
-152.0,152,2791.373425
-167.0,167,2792.15205
-147.0,147,2792.803271
-191.0,191,2793.744622
-114.0,114,2794.468106
-94.0,94,2795.065933
-146.0,146,2795.868579
-153.0,153,2796.804955
-109.0,109,2797.439757
-93.0,93,2797.921743
-89.0,89,2798.416141
-111.0,111,2799.126359
-108.0,108,2799.709439
-84.0,84,2800.152253
-160.0,160,2801.099573
-97.0,97,2801.75135
-109.0,109,2802.504758
-109.0,109,2803.247007
-106.0,106,2803.911874
-108.0,108,2804.575701
-110.0,110,2805.444433
-158.0,158,2806.488487
-108.0,108,2807.149215
-161.0,161,2808.236302
-129.0,129,2808.890262
-119.0,119,2809.561727
-107.0,107,2810.159131
-108.0,108,2810.735708
-114.0,114,2811.336384
-166.0,166,2812.134196
-140.0,140,2812.935935
-150.0,150,2813.689879
-108.0,108,2814.293715
-106.0,106,2814.985094
-92.0,92,2815.387061
-93.0,93,2815.799987
-152.0,152,2816.626425
-91.0,91,2817.22774
-107.0,107,2817.920269
-110.0,110,2818.55284
-106.0,106,2819.212808
-117.0,117,2819.884073
-172.0,172,2821.136274
-105.0,105,2821.690256
-97.0,97,2822.243878
-115.0,115,2822.917699
-155.0,155,2823.871661
-169.0,169,2824.990766
-148.0,148,2826.211186
-83.0,83,2826.707708
-148.0,148,2827.537656
-88.0,88,2828.008858
-114.0,114,2828.583402
-121.0,121,2829.349081
-177.0,177,2830.410235
-93.0,93,2830.970299
-192.0,192,2832.34072
-116.0,116,2833.089413
-124.0,124,2833.737571
-84.0,84,2834.329196
-140.0,140,2835.226798
-102.0,102,2835.944327
-87.0,87,2836.459576
-180.0,180,2837.432087
-145.0,145,2838.266633
-100.0,100,2838.83189
-171.0,171,2839.681697
-89.0,89,2840.221302
-179.0,179,2841.176381
-147.0,147,2842.06542
-113.0,113,2842.879998
-129.0,129,2843.746506
-117.0,117,2844.563943
-114.0,114,2845.210482
-125.0,125,2845.818749
-200.0,200,2847.17238
-119.0,119,2847.931567
-195.0,195,2849.005044
-166.0,166,2849.884769
-123.0,123,2850.88712
-121.0,121,2851.785044
-124.0,124,2852.517216
-168.0,168,2853.64771
-99.0,99,2854.11958
-90.0,90,2854.531469
-131.0,131,2855.325233
-113.0,113,2855.990805
-107.0,107,2856.712157
-186.0,186,2857.721236
-124.0,124,2858.501044
-121.0,121,2859.231084
-121.0,121,2860.064678
-109.0,109,2860.828835
-121.0,121,2861.72744
-116.0,116,2862.677624
-105.0,105,2863.161432
-128.0,128,2863.854059
-112.0,112,2864.677683
-110.0,110,2865.377375
-107.0,107,2866.028548
-108.0,108,2866.761397
-139.0,139,2867.548724
-131.0,131,2868.181454
-124.0,124,2869.08871
-86.0,86,2869.573851
-85.0,85,2870.127977
-200.0,200,2871.46676
-119.0,119,2872.171881
-147.0,147,2873.281375
-124.0,124,2873.959996
-166.0,166,2874.940753
-132.0,132,2875.659795
-143.0,143,2876.592865
-135.0,135,2877.487017
-114.0,114,2878.168474
-139.0,139,2879.170446
-119.0,119,2880.123087
-87.0,87,2880.553207
-128.0,128,2881.43144
-101.0,101,2882.0968
-143.0,143,2882.860544
-145.0,145,2883.987449
-147.0,147,2884.895679
-126.0,126,2885.639779
-150.0,150,2886.455092
-158.0,158,2887.251479
-118.0,118,2888.150445
-134.0,134,2889.147917
-126.0,126,2889.995815
-134.0,134,2890.971578
-152.0,152,2892.020533
-186.0,186,2893.181049
-103.0,103,2893.909877
-125.0,125,2894.746353
-125.0,125,2895.562032
-145.0,145,2896.439266
-157.0,157,2897.374044
-161.0,161,2898.699733
-112.0,112,2899.299257
-200.0,200,2900.713372
-135.0,135,2901.598143
-125.0,125,2902.31804
-97.0,97,2902.977888
-90.0,90,2903.582831
-122.0,122,2904.255481
-114.0,114,2905.057249
-123.0,123,2905.79423
-145.0,145,2906.876273
-145.0,145,2907.571223
-126.0,126,2908.21291
-127.0,127,2909.187796
-135.0,135,2909.959906
-133.0,133,2910.66997
-109.0,109,2911.237719
-121.0,121,2911.998994
-120.0,120,2912.736796
-122.0,122,2913.486341
-120.0,120,2914.24982
-132.0,132,2915.238916
-121.0,121,2915.982541
-113.0,113,2916.560132
-200.0,200,2918.039708
-118.0,118,2918.904967
-134.0,134,2919.742747
-178.0,178,2920.704714
-139.0,139,2921.767082
-124.0,124,2922.626163
-130.0,130,2923.417094
-127.0,127,2924.222898
-123.0,123,2924.982017
-116.0,116,2925.760081
-117.0,117,2926.650848
-115.0,115,2927.5721
-130.0,130,2928.611743
-116.0,116,2929.315932
-131.0,131,2930.32293
-116.0,116,2931.378662
-172.0,172,2932.612368
-115.0,115,2933.411911
-117.0,117,2934.202752
-87.0,87,2934.682465
-116.0,116,2935.386577
-120.0,120,2936.279973
-119.0,119,2937.150082
-110.0,110,2937.836419
-108.0,108,2938.501328
-124.0,124,2939.304779
-121.0,121,2940.045975
-124.0,124,2940.774183
-129.0,129,2941.719679
-116.0,116,2942.431646
-107.0,107,2943.061893
-114.0,114,2943.838021
-110.0,110,2944.4566
-114.0,114,2945.162873
-116.0,116,2945.864155
-141.0,141,2946.720747
-84.0,84,2947.299242
-109.0,109,2948.078534
-135.0,135,2949.002122
-118.0,118,2949.642893
-117.0,117,2950.337183
-89.0,89,2950.780423
-111.0,111,2951.462646
-113.0,113,2952.165402
-141.0,141,2953.186417
-109.0,109,2953.746402
-112.0,112,2954.371508
-98.0,98,2954.922024
-117.0,117,2955.733468
-105.0,105,2956.466252
-127.0,127,2957.217684
-115.0,115,2957.776156
-109.0,109,2958.362067
-106.0,106,2958.957556
-86.0,86,2959.46477
-107.0,107,2960.013269
-106.0,106,2960.65878
-108.0,108,2961.280765
-120.0,120,2962.063063
-119.0,119,2962.892659
-109.0,109,2963.50113
-112.0,112,2964.196772
-120.0,120,2964.828842
-121.0,121,2965.552124
-120.0,120,2966.249687
-119.0,119,2966.986467
-188.0,188,2967.943029
-104.0,104,2968.526065
-95.0,95,2969.048466
-93.0,93,2969.58444
-200.0,200,2970.787762
-94.0,94,2971.365654
-103.0,103,2971.877606
-106.0,106,2972.454281
-103.0,103,2972.979263
-89.0,89,2973.57331
-97.0,97,2974.118618
-109.0,109,2974.680033
-116.0,116,2975.334055
-108.0,108,2975.86109
-115.0,115,2976.525187
-95.0,95,2976.994308
-84.0,84,2977.498764
-109.0,109,2977.981987
-104.0,104,2978.506372
-104.0,104,2979.126083
-105.0,105,2979.90968
-131.0,131,2980.821601
-84.0,84,2981.248198
-121.0,121,2982.006487
-104.0,104,2983.104852
-109.0,109,2983.712821
-114.0,114,2984.300584
-100.0,100,2984.973081
-168.0,168,2986.031269
-179.0,179,2987.042572
-127.0,127,2987.632595
-120.0,120,2988.364844
-156.0,156,2989.272489
-126.0,126,2989.958398
-150.0,150,2990.831729
-152.0,152,2991.881634
-200.0,200,2992.968661
-151.0,151,2993.846986
-139.0,139,2994.72607
-167.0,167,2995.568276
-152.0,152,2996.380958
-161.0,161,2997.287597
-148.0,148,2998.044689
-174.0,174,2998.972749
-200.0,200,3000.013383
-173.0,173,3001.039084
-154.0,154,3001.836743
-157.0,157,3002.725066
-92.0,92,3003.304918
-140.0,140,3004.167019
-130.0,130,3004.898972
-159.0,159,3005.997528
-97.0,97,3006.528184
-158.0,158,3007.438287
-135.0,135,3008.180863
-156.0,156,3009.037852
-159.0,159,3009.894821
-159.0,159,3010.860229
-113.0,113,3011.568044
-197.0,197,3012.577227
-200.0,200,3013.770747
-88.0,88,3014.344194
-200.0,200,3015.552391
-177.0,177,3016.459333
-177.0,177,3017.662359
-159.0,159,3018.768006
-127.0,127,3019.480495
-123.0,123,3020.246569
-120.0,120,3021.069129
-93.0,93,3021.679073
-187.0,187,3022.707405
-191.0,191,3023.981734
-112.0,112,3024.598539
-152.0,152,3025.593489
-156.0,156,3026.730772
-108.0,108,3027.312301
-107.0,107,3027.853641
-112.0,112,3028.487099
-156.0,156,3029.450979
-115.0,115,3029.985923
-172.0,172,3030.985689
-170.0,170,3032.092173
-106.0,106,3032.747159
-200.0,200,3034.014654
-151.0,151,3034.834576
-139.0,139,3035.79332
-111.0,111,3036.539397
-151.0,151,3037.377347
-160.0,160,3038.293917
-121.0,121,3038.953904
-121.0,121,3039.549463
-157.0,157,3040.49148
-171.0,171,3041.571506
-140.0,140,3042.253716
-88.0,88,3042.627927
-118.0,118,3043.336381
-153.0,153,3044.43234
-131.0,131,3045.1694
-188.0,188,3046.339451
-115.0,115,3046.949669
-120.0,120,3047.701542
-88.0,88,3048.148294
-170.0,170,3049.144673
-90.0,90,3049.668836
-200.0,200,3050.902527
-91.0,91,3051.322511
-192.0,192,3052.369099
-117.0,117,3053.174802
-89.0,89,3053.542244
-123.0,123,3054.229506
-125.0,125,3054.89661
-130.0,130,3055.821263
-184.0,184,3056.974509
-119.0,119,3057.550866
-116.0,116,3058.176466
-119.0,119,3058.907515
-111.0,111,3059.488299
-159.0,159,3060.478536
-86.0,86,3060.852595
-86.0,86,3061.367835
-181.0,181,3062.528137
-94.0,94,3063.020416
-107.0,107,3063.687658
-124.0,124,3064.467761
-161.0,161,3065.34311
-150.0,150,3066.255975
-168.0,168,3067.241748
-130.0,130,3067.97432
-146.0,146,3068.817785
-114.0,114,3069.385451
-118.0,118,3070.050354
-200.0,200,3071.116947
-173.0,173,3072.109324
-160.0,160,3073.181419
-107.0,107,3073.828659
-200.0,200,3074.90892
-118.0,118,3075.443773
-91.0,91,3075.934158
-124.0,124,3076.595025
-104.0,104,3077.119991
-151.0,151,3077.850537
-115.0,115,3078.503334
-140.0,140,3079.339123
-133.0,133,3080.153609
-182.0,182,3081.234405
-168.0,168,3082.269378
-145.0,145,3082.979296
-135.0,135,3083.670455
-110.0,110,3084.287027
-138.0,138,3085.01092
-108.0,108,3085.528738
-159.0,159,3086.425038
-117.0,117,3086.981066
-184.0,184,3088.092194
-107.0,107,3088.68673
-140.0,140,3089.46207
-159.0,159,3090.345571
-200.0,200,3091.472031
-123.0,123,3092.298656
-115.0,115,3093.089355
-144.0,144,3093.733807
-146.0,146,3094.643457
-115.0,115,3095.261469
-131.0,131,3096.027323
-200.0,200,3097.151698
-106.0,106,3097.79212
-115.0,115,3098.542417
-113.0,113,3099.144548
-117.0,117,3100.027963
-142.0,142,3101.047936
-109.0,109,3101.756595
-105.0,105,3102.535271
-108.0,108,3103.143022
-102.0,102,3103.812568
-107.0,107,3104.423564
-153.0,153,3105.37255
-134.0,134,3106.199852
-95.0,95,3106.953213
-129.0,129,3107.800471
-103.0,103,3108.502565
-113.0,113,3109.346
-118.0,118,3110.22215
-128.0,128,3110.939095
-113.0,113,3111.673223
-89.0,89,3112.229419
-115.0,115,3113.09388
-123.0,123,3113.861434
-123.0,123,3114.638463
-90.0,90,3115.273227
-117.0,117,3115.905164
-111.0,111,3116.48229
-85.0,85,3116.934729
-113.0,113,3117.598521
-90.0,90,3118.131743
-111.0,111,3118.67909
-113.0,113,3119.315408
-84.0,84,3119.845234
-125.0,125,3120.763824
-121.0,121,3121.437586
-109.0,109,3121.977271
-125.0,125,3122.66702
-119.0,119,3123.251142
-112.0,112,3123.933105
-110.0,110,3124.673783
-116.0,116,3125.397679
-115.0,115,3126.092682
-94.0,94,3126.788584
-91.0,91,3127.328104
-121.0,121,3127.97385
-88.0,88,3128.454568
-115.0,115,3128.901582
-119.0,119,3129.766972
-124.0,124,3130.412077
-107.0,107,3130.957494
-119.0,119,3131.609833
-141.0,141,3132.482556
-114.0,114,3133.118996
-124.0,124,3133.82618
-145.0,145,3134.778786
-121.0,121,3135.598304
-121.0,121,3136.457091
-116.0,116,3137.435569
-102.0,102,3138.049362
-115.0,115,3139.027839
-107.0,107,3139.802975
-119.0,119,3140.561069
-104.0,104,3141.24097
-88.0,88,3141.96531
-111.0,111,3142.714977
-117.0,117,3143.40848
-114.0,114,3144.085164
-113.0,113,3144.851727
-113.0,113,3145.647294
-115.0,115,3146.46624
-112.0,112,3147.234613
-114.0,114,3147.902868
-108.0,108,3148.525728
-113.0,113,3149.227836
-114.0,114,3150.041828
-114.0,114,3150.836425
-122.0,122,3151.6987
-107.0,107,3152.545671
-181.0,181,3153.95225
-115.0,115,3154.504152
-117.0,117,3155.251388
-113.0,113,3155.902273
-118.0,118,3156.719857
-89.0,89,3157.366313
-87.0,87,3157.892817
-151.0,151,3158.750487
-121.0,121,3159.319739
-130.0,130,3159.845803
-97.0,97,3160.251383
-91.0,91,3160.732059
-113.0,113,3161.369977
-97.0,97,3161.794706
-157.0,157,3162.41256
-100.0,100,3162.794654
-85.0,85,3163.188723
-116.0,116,3163.660279
-112.0,112,3164.212519
-108.0,108,3164.673306
-148.0,148,3165.550356
-115.0,115,3166.291494
-104.0,104,3166.998369
-146.0,146,3167.788127
-109.0,109,3168.370668
-164.0,164,3169.414397
-108.0,108,3170.096491
-147.0,147,3170.749035
-115.0,115,3171.223495
-149.0,149,3172.580498
-86.0,86,3173.060317
-89.0,89,3173.430598
-173.0,173,3174.397829
-84.0,84,3174.996938
-146.0,146,3176.01111
-170.0,170,3176.910191
-132.0,132,3177.869768
-200.0,200,3179.161687
-137.0,137,3180.152199
-124.0,124,3180.853839
-128.0,128,3181.724029
-110.0,110,3182.375822
-114.0,114,3183.23649
-131.0,131,3184.033685
-93.0,93,3184.61372
-115.0,115,3185.448786
-89.0,89,3185.952839
-92.0,92,3186.596576
-112.0,112,3187.274473
-93.0,93,3188.001673
-124.0,124,3188.79854
-139.0,139,3189.644114
-122.0,122,3190.465411
-100.0,100,3191.126016
-86.0,86,3191.579444
-90.0,90,3192.264351
-137.0,137,3193.121029
-139.0,139,3193.982371
-191.0,191,3195.344245
-158.0,158,3196.361171
-95.0,95,3196.844352
-200.0,200,3198.143186
-200.0,200,3199.407476
-169.0,169,3200.556094
-147.0,147,3201.488566
-163.0,163,3202.488423
-145.0,145,3203.301316
-153.0,153,3204.166079
-200.0,200,3205.361844
-165.0,165,3206.328618
-200.0,200,3207.572443
-91.0,91,3208.047935
-168.0,168,3208.942171
-96.0,96,3209.45323
-153.0,153,3210.430534
-155.0,155,3211.271415
-159.0,159,3212.16439
-106.0,106,3212.851088
-200.0,200,3213.882028
-183.0,183,3214.700417
-143.0,143,3215.574448
-146.0,146,3216.472919
-143.0,143,3217.26306
-89.0,89,3217.818542
-86.0,86,3218.305241
-145.0,145,3219.041595
-144.0,144,3220.002183
-87.0,87,3220.431359
-147.0,147,3221.312055
-89.0,89,3221.690964
-140.0,140,3222.524653
-145.0,145,3223.41246
-123.0,123,3224.1662
-143.0,143,3224.948338
-144.0,144,3225.738476
-141.0,141,3226.686146
-143.0,143,3227.467627
-143.0,143,3228.465356
-144.0,144,3229.381231
-142.0,142,3230.357573
-141.0,141,3231.257237
-145.0,145,3232.127616
-149.0,149,3233.198934
-87.0,87,3233.709999
-145.0,145,3234.711208
-86.0,86,3235.393114
-98.0,98,3236.036146
-142.0,142,3236.84886
-162.0,162,3237.900696
-144.0,144,3238.913961
-141.0,141,3239.718778
-142.0,142,3240.643094
-147.0,147,3241.514962
-145.0,145,3242.389311
-143.0,143,3243.177749
-95.0,95,3243.78296
-94.0,94,3244.313936
-167.0,167,3245.24993
-146.0,146,3246.277328
-177.0,177,3247.43029
-91.0,91,3247.932621
-172.0,172,3249.199371
-168.0,168,3250.186635
-146.0,146,3251.130816
-143.0,143,3252.011888
-148.0,148,3252.868384
-144.0,144,3253.815946
-151.0,151,3254.79809
-89.0,89,3255.307059
-119.0,119,3255.979195
-138.0,138,3257.046708
-135.0,135,3257.949954
-140.0,140,3258.932284
-144.0,144,3259.806187
-98.0,98,3260.324015
-88.0,88,3260.884934
-117.0,117,3261.651402
-141.0,141,3262.462236
-142.0,142,3263.339229
-160.0,160,3264.270095
-155.0,155,3265.320726
-101.0,101,3265.958195
-162.0,162,3266.925903
-145.0,145,3267.845102
-99.0,99,3268.515726
-164.0,164,3269.453608
-151.0,151,3270.347799
-149.0,149,3271.306051
-88.0,88,3271.769092
-111.0,111,3272.322385
-93.0,93,3272.844835
-89.0,89,3273.51031
-143.0,143,3274.39417
-155.0,155,3275.468879
-153.0,153,3276.358319
-94.0,94,3276.926747
-148.0,148,3277.957209
-149.0,149,3278.869382
-153.0,153,3279.831511
-145.0,145,3280.710344
-152.0,152,3281.588956
-152.0,152,3282.495691
-143.0,143,3283.684806
-87.0,87,3284.244873
-87.0,87,3284.742516
-89.0,89,3285.332335
-88.0,88,3285.821537
-86.0,86,3286.470138
-185.0,185,3287.50306
-90.0,90,3288.257657
-150.0,150,3289.152503
-152.0,152,3290.12424
-157.0,157,3291.155094
-151.0,151,3292.033989
-160.0,160,3292.98433
-156.0,156,3293.895532
-109.0,109,3294.561778
-117.0,117,3295.272084
-170.0,170,3296.186087
-165.0,165,3297.111597
-108.0,108,3297.656091
-200.0,200,3298.915348
-157.0,157,3299.898627
-111.0,111,3300.5043
-153.0,153,3301.544304
-160.0,160,3302.520684
-89.0,89,3303.056799
-118.0,118,3303.678185
-85.0,85,3304.095337
-113.0,113,3304.712722
-90.0,90,3305.096189
-115.0,115,3305.647273
-151.0,151,3306.4014
-147.0,147,3307.443177
-162.0,162,3308.408436
-103.0,103,3309.0734
-113.0,113,3309.69303
-151.0,151,3310.617575
-151.0,151,3311.401888
-115.0,115,3312.111525
-143.0,143,3312.924142
-116.0,116,3313.670346
-145.0,145,3314.654166
-112.0,112,3315.298147
-119.0,119,3316.000676
-155.0,155,3316.941915
-97.0,97,3317.654124
-101.0,101,3318.357605
-149.0,149,3319.143894
-150.0,150,3319.994075
-152.0,152,3320.90521
-93.0,93,3321.509731
-147.0,147,3322.431661
-148.0,148,3323.361334
-145.0,145,3324.221241
-144.0,144,3325.023815
-149.0,149,3325.884509
-99.0,99,3326.364688
-135.0,135,3327.140319
-148.0,148,3327.997235
-150.0,150,3329.075239
-200.0,200,3330.15927
-150.0,150,3331.034797
-99.0,99,3331.566732
-118.0,118,3332.38683
-151.0,151,3333.275811
-150.0,150,3334.295524
-115.0,115,3334.957048
-93.0,93,3335.452849
-116.0,116,3336.069922
-96.0,96,3336.639396
-92.0,92,3337.222373
-122.0,122,3337.978522
-156.0,156,3338.894641
-194.0,194,3339.948519
-152.0,152,3340.872966
-119.0,119,3341.686626
-153.0,153,3342.558777
-115.0,115,3343.182035
-118.0,118,3343.881743
-110.0,110,3344.499311
-111.0,111,3345.100368
-107.0,107,3345.730721
-146.0,146,3346.446344
-88.0,88,3346.991036
-118.0,118,3347.767775
-90.0,90,3348.269137
-93.0,93,3348.872218
-148.0,148,3349.626858
-113.0,113,3350.271669
-113.0,113,3350.959954
-108.0,108,3351.5942
-111.0,111,3352.171707
-107.0,107,3352.847535
-108.0,108,3353.40677
-87.0,87,3353.888082
-178.0,178,3355.003654
-159.0,159,3355.911597
-113.0,113,3356.512013
-112.0,112,3357.226473
-113.0,113,3357.823986
-163.0,163,3358.859771
-115.0,115,3359.557967
-118.0,118,3360.240078
-111.0,111,3360.982452
-109.0,109,3361.594954
-92.0,92,3362.173367
-88.0,88,3362.618825
-108.0,108,3363.171882
-115.0,115,3363.870529
-155.0,155,3364.902632
-98.0,98,3365.485104
-85.0,85,3366.131285
-87.0,87,3366.684504
-136.0,136,3367.528156
-116.0,116,3368.127821
-108.0,108,3368.734818
-166.0,166,3369.74456
-91.0,91,3370.297025
-103.0,103,3370.973657
-110.0,110,3371.612161
-108.0,108,3372.357831
-200.0,200,3373.716007
-87.0,87,3374.14137
-144.0,144,3375.080454
-200.0,200,3376.363616
-147.0,147,3377.249523
-103.0,103,3377.835991
-148.0,148,3378.695562
-174.0,174,3379.743118
-147.0,147,3380.589783
-89.0,89,3381.140589
-146.0,146,3381.960757
-141.0,141,3382.669134
-141.0,141,3383.573169
-154.0,154,3384.491342
-141.0,141,3385.3219
-145.0,145,3386.080938
-89.0,89,3386.605404
-148.0,148,3387.477372
-88.0,88,3388.053981
-168.0,168,3389.065676
-154.0,154,3390.040067
-195.0,195,3391.06488
-150.0,150,3391.800115
-115.0,115,3392.343758
-90.0,90,3392.733674
-119.0,119,3393.448457
-142.0,142,3394.241098
-122.0,122,3394.844459
-130.0,130,3395.600328
-158.0,158,3396.562763
-128.0,128,3397.126417
-130.0,130,3397.85107
-149.0,149,3398.814852
-159.0,159,3399.823079
-166.0,166,3400.747855
-154.0,154,3401.657683
-158.0,158,3402.529152
-188.0,188,3403.772755
-119.0,119,3404.444003
-104.0,104,3405.010382
-200.0,200,3406.061777
-197.0,197,3407.456317
-136.0,136,3408.184874
-114.0,114,3408.842477
-126.0,126,3409.569109
-162.0,162,3410.518322
-166.0,166,3411.625767
-156.0,156,3412.62396
-125.0,125,3413.482771
-122.0,122,3414.249754
-162.0,162,3415.134417
-101.0,101,3415.641613
-98.0,98,3416.242159
-94.0,94,3416.785104
-153.0,153,3417.689544
-120.0,120,3418.372889
-149.0,149,3419.422679
-141.0,141,3420.343963
-104.0,104,3420.873433
-99.0,99,3421.383116
-110.0,110,3421.983883
-109.0,109,3422.645844
-89.0,89,3423.068599
-160.0,160,3424.107067
-200.0,200,3425.272054
-107.0,107,3425.866871
-111.0,111,3426.391658
-111.0,111,3427.026485
-123.0,123,3427.778548
-108.0,108,3428.531944
-137.0,137,3429.371545
-90.0,90,3430.366072
-106.0,106,3430.963926
-120.0,120,3432.021492
-112.0,112,3432.813285
-129.0,129,3433.73416
-171.0,171,3434.934947
-99.0,99,3435.565347
-109.0,109,3436.291313
-111.0,111,3437.047081
-110.0,110,3437.743418
-88.0,88,3438.230802
-154.0,154,3439.199639
-92.0,92,3439.744157
-89.0,89,3440.25314
-108.0,108,3440.880822
-109.0,109,3441.520083
-172.0,172,3442.719897
-85.0,85,3443.295789
-110.0,110,3444.136865
-107.0,107,3444.747733
-118.0,118,3445.620288
-107.0,107,3446.230688
-91.0,91,3446.803349
-90.0,90,3447.397682
-107.0,107,3448.060189
-109.0,109,3448.731737
-147.0,147,3449.823998
-109.0,109,3450.422371
-153.0,153,3451.374902
-91.0,91,3451.979147
-106.0,106,3452.558932
-93.0,93,3453.122359
-151.0,151,3454.088018
-109.0,109,3454.657884
-109.0,109,3455.410676
-146.0,146,3456.190334
-153.0,153,3457.068213
-107.0,107,3457.68441
-93.0,93,3458.146369
-158.0,158,3459.170707
-107.0,107,3459.822297
-132.0,132,3460.875492
-85.0,85,3461.326173
-111.0,111,3462.0517
-106.0,106,3462.707902
-123.0,123,3463.436742
-143.0,143,3464.303906
-91.0,91,3464.723583
-107.0,107,3465.252771
-106.0,106,3465.924817
-107.0,107,3466.580367
-107.0,107,3467.139575
-90.0,90,3467.756592
-110.0,110,3468.353805
-110.0,110,3468.899886
-145.0,145,3469.708111
-85.0,85,3470.148187
-108.0,108,3470.801827
-85.0,85,3471.183475
-122.0,122,3471.795927
-87.0,87,3472.445376
-110.0,110,3473.077459
-97.0,97,3473.738842
-106.0,106,3474.26597
-142.0,142,3475.132058
-114.0,114,3475.659035
-111.0,111,3476.357775
-100.0,100,3477.012666
-108.0,108,3477.55026
-130.0,130,3478.430683
-112.0,112,3479.050651
-108.0,108,3479.620653
-161.0,161,3480.542249
-187.0,187,3481.81142
-140.0,140,3482.578756
-117.0,117,3483.161403
-110.0,110,3483.777318
-110.0,110,3484.450844
-163.0,163,3485.561476
-96.0,96,3486.252047
-121.0,121,3487.122202
-127.0,127,3487.913003
-112.0,112,3488.671282
-147.0,147,3489.726382
-142.0,142,3490.635045
-144.0,144,3491.527874
-138.0,138,3492.378409
-152.0,152,3493.305915
-124.0,124,3494.048486
-112.0,112,3494.723519
-106.0,106,3495.349799
-155.0,155,3496.314278
-114.0,114,3497.015924
-111.0,111,3497.683676
-103.0,103,3498.35587
-127.0,127,3499.210237
-102.0,102,3499.887007
-145.0,145,3500.891486
-108.0,108,3501.4571
-110.0,110,3502.144643
-106.0,106,3502.740723
-164.0,164,3503.543159
-133.0,133,3504.296269
-173.0,173,3505.260986
-87.0,87,3505.711652
-141.0,141,3506.531152
-158.0,158,3507.370377
-108.0,108,3508.022953
-122.0,122,3508.697053
-116.0,116,3509.326954
-108.0,108,3509.894485
-192.0,192,3510.891236
-130.0,130,3511.62023
-91.0,91,3512.125272
-115.0,115,3512.713223
-92.0,92,3513.223407
-109.0,109,3513.935312
-87.0,87,3514.514322
-88.0,88,3514.958462
-122.0,122,3515.630306
-148.0,148,3516.416467
-99.0,99,3517.114801
-99.0,99,3517.841801
-113.0,113,3518.447782
-142.0,142,3519.303926
-166.0,166,3520.307745
-143.0,143,3521.290826
-91.0,91,3521.813377
-88.0,88,3522.40793
-131.0,131,3523.269763
-110.0,110,3523.972382
-86.0,86,3524.364336
-122.0,122,3525.078266
-87.0,87,3525.523115
-123.0,123,3526.191839
-93.0,93,3526.726745
-91.0,91,3527.335737
-126.0,126,3528.064863
-106.0,106,3528.798212
-191.0,191,3529.900538
-128.0,128,3530.692065
-128.0,128,3531.464569
-89.0,89,3532.07534
-110.0,110,3532.825732
-149.0,149,3533.726308
-122.0,122,3534.488145
-111.0,111,3535.101448
-100.0,100,3535.72581
-124.0,124,3536.424561
-109.0,109,3537.095268
-86.0,86,3537.738816
-106.0,106,3538.406268
-164.0,164,3539.445302
-107.0,107,3540.039631
-125.0,125,3540.703821
-158.0,158,3541.673552
-111.0,111,3542.322574
-104.0,104,3542.865438
-106.0,106,3543.471215
-88.0,88,3544.02513
-103.0,103,3544.565504
-160.0,160,3545.59555
-110.0,110,3546.083297
-187.0,187,3547.162183
-158.0,158,3548.200459
-169.0,169,3549.113173
-200.0,200,3550.176013
-191.0,191,3551.42972
-87.0,87,3551.987733
-108.0,108,3552.579149
-136.0,136,3553.387397
-94.0,94,3553.869328
-86.0,86,3554.281093
-107.0,107,3554.895639
-108.0,108,3555.812894
-88.0,88,3556.358046
-200.0,200,3557.65646
-107.0,107,3558.396768
-107.0,107,3559.225552
-90.0,90,3559.739482
-109.0,109,3560.368666
-104.0,104,3561.011097
-152.0,152,3561.832765
-171.0,171,3562.856806
-122.0,122,3563.536019
-148.0,148,3564.406817
-200.0,200,3565.589123
-92.0,92,3566.12788
-150.0,150,3567.089568
-97.0,97,3567.66601
-181.0,181,3568.798201
-88.0,88,3569.299059
-155.0,155,3570.372121
-155.0,155,3571.339501
-176.0,176,3572.393306
-107.0,107,3573.031699
-108.0,108,3573.672863
-109.0,109,3574.393344
-189.0,189,3575.481484
-131.0,131,3576.422613
-110.0,110,3577.050913
-114.0,114,3577.829771
-109.0,109,3578.446429
-106.0,106,3578.973166
-85.0,85,3579.368438
-83.0,83,3579.781755
-112.0,112,3580.531955
-84.0,84,3580.888213
-85.0,85,3581.416834
-107.0,107,3581.998149
-154.0,154,3583.323043
-106.0,106,3583.977155
-200.0,200,3585.24634
-91.0,91,3585.77126
-89.0,89,3586.285746
-84.0,84,3586.710952
-162.0,162,3587.716689
-126.0,126,3588.536097
-88.0,88,3589.010005
-111.0,111,3589.809341
-112.0,112,3590.369636
-108.0,108,3591.083623
-151.0,151,3591.875565
-108.0,108,3592.589511
-113.0,113,3593.361323
-107.0,107,3593.95876
-148.0,148,3594.865683
-119.0,119,3595.700532
-149.0,149,3596.675934
-92.0,92,3597.157614
-152.0,152,3598.059544
-191.0,191,3599.107018
-149.0,149,3600.015349
-110.0,110,3600.718289
-200.0,200,3602.052992
-166.0,166,3602.884684
-110.0,110,3603.769981
-113.0,113,3604.520665
-85.0,85,3605.134877
-95.0,95,3605.730849
-154.0,154,3606.594578
-90.0,90,3607.11528
-116.0,116,3607.930512
-91.0,91,3608.506117
-107.0,107,3609.189556
-85.0,85,3609.727485
-150.0,150,3610.662383
-120.0,120,3611.569689
-116.0,116,3612.373457
-141.0,141,3613.278251
-149.0,149,3614.174569
-107.0,107,3614.868738
-90.0,90,3615.303651
-153.0,153,3616.206743
-146.0,146,3617.092359
-106.0,106,3617.651212
-86.0,86,3618.192888
-106.0,106,3618.781308
-144.0,144,3619.78035
-101.0,101,3620.432099
-113.0,113,3621.141647
-112.0,112,3621.926633
-115.0,115,3622.644488
-112.0,112,3623.337362
-85.0,85,3623.842755
-95.0,95,3624.326312
-107.0,107,3624.882312
-94.0,94,3625.474156
-107.0,107,3625.984748
-150.0,150,3626.922044
-151.0,151,3627.80677
-144.0,144,3628.664566
-97.0,97,3629.299909
-108.0,108,3630.014993
-106.0,106,3630.753113
-107.0,107,3631.356268
-85.0,85,3631.856735
-147.0,147,3632.750357
-144.0,144,3633.640492
-148.0,148,3634.702422
-146.0,146,3635.646814
-111.0,111,3636.245122
-108.0,108,3636.910782
-147.0,147,3637.619777
-106.0,106,3638.235626
-108.0,108,3638.820648
-141.0,141,3639.636347
-118.0,118,3640.380393
-114.0,114,3641.021673
-89.0,89,3641.600917
-147.0,147,3642.517816
-140.0,140,3643.331282
-110.0,110,3644.052743
-113.0,113,3644.722924
-88.0,88,3645.269213
-88.0,88,3645.789148
-86.0,86,3646.186175
-148.0,148,3647.25739
-106.0,106,3647.866401
-112.0,112,3648.56277
-93.0,93,3649.148733
-118.0,118,3649.989149
-122.0,122,3650.78471
-108.0,108,3651.432598
-90.0,90,3652.030877
-85.0,85,3652.567068
-148.0,148,3653.5371
-117.0,117,3654.295984
-96.0,96,3654.860469
-106.0,106,3655.593512
-103.0,103,3656.224616
-112.0,112,3656.914763
-141.0,141,3657.838288
-108.0,108,3658.479639
-87.0,87,3658.946823
-108.0,108,3659.58662
-105.0,105,3660.240602
-127.0,127,3661.034888
-89.0,89,3661.469637
-87.0,87,3662.087539
-114.0,114,3662.739513
-107.0,107,3663.446549
-89.0,89,3663.834354
-99.0,99,3664.302464
-114.0,114,3664.967556
-114.0,114,3665.676755
-119.0,119,3666.374446
-109.0,109,3666.999022
-98.0,98,3667.420119
-113.0,113,3668.102718
-105.0,105,3668.688375
-107.0,107,3669.346078
-109.0,109,3669.957366
-142.0,142,3670.875507
-115.0,115,3671.507042
-161.0,161,3672.486818
-109.0,109,3673.050045
-111.0,111,3673.631523
-147.0,147,3674.505322
-92.0,92,3674.95341
-118.0,118,3675.588035
-108.0,108,3676.254689
-144.0,144,3677.178461
-115.0,115,3677.873319
-89.0,89,3678.479172
-168.0,168,3679.495524
-137.0,137,3680.354907
-94.0,94,3680.932333
-152.0,152,3681.815976
-110.0,110,3682.503923
-111.0,111,3683.109363
-151.0,151,3684.013692
-137.0,137,3684.733999
-125.0,125,3685.53782
-85.0,85,3686.050669
-117.0,117,3687.224778
-147.0,147,3688.3497
-84.0,84,3688.932882
-200.0,200,3690.447326
-117.0,117,3691.254681
-87.0,87,3691.787027
-107.0,107,3692.372216
-117.0,117,3693.215459
-104.0,104,3693.868299
-117.0,117,3694.671389
-110.0,110,3695.38109
-114.0,114,3696.105691
-119.0,119,3697.072615
-108.0,108,3697.904459
-109.0,109,3698.61199
-120.0,120,3699.427816
-115.0,115,3700.249228
-125.0,125,3700.999487
-149.0,149,3702.033051
-117.0,117,3702.816145
-106.0,106,3703.428828
-142.0,142,3704.436652
-117.0,117,3705.245712
-119.0,119,3706.021456
-94.0,94,3706.537492
-99.0,99,3707.083112
-173.0,173,3708.382767
-120.0,120,3709.23561
-103.0,103,3709.84058
-106.0,106,3710.555433
-107.0,107,3711.150002
-107.0,107,3711.881343
-116.0,116,3712.572627
-86.0,86,3713.080989
-141.0,141,3713.904426
-124.0,124,3714.720884
-121.0,121,3715.435804
-116.0,116,3716.159222
-144.0,144,3717.094385
-106.0,106,3717.783231
-142.0,142,3718.668931
-116.0,116,3719.389443
-99.0,99,3719.943667
-104.0,104,3720.517433
-85.0,85,3720.922349
-119.0,119,3721.482299
-153.0,153,3722.356952
-101.0,101,3722.918712
-105.0,105,3723.47152
-108.0,108,3724.061164
-107.0,107,3724.744544
-110.0,110,3725.552699
-105.0,105,3726.213432
-85.0,85,3726.690286
-117.0,117,3727.378238
-104.0,104,3727.937141
-116.0,116,3728.540371
-87.0,87,3729.026239
-92.0,92,3729.634915
-160.0,160,3730.590671
-125.0,125,3731.366748
-86.0,86,3731.872928
-87.0,87,3732.466244
-116.0,116,3733.224724
-114.0,114,3734.002982
-104.0,104,3734.54312
-105.0,105,3735.04545
-92.0,92,3735.516612
-116.0,116,3736.014814
-149.0,149,3736.963869
-89.0,89,3737.744335
-105.0,105,3738.493109
-105.0,105,3739.057746
-112.0,112,3739.74173
-105.0,105,3740.386502
-110.0,110,3741.147794
-109.0,109,3741.829832
-105.0,105,3742.471613
-94.0,94,3743.036578
-107.0,107,3743.631133
-88.0,88,3744.0807
-105.0,105,3744.730243
-104.0,104,3745.383296
-107.0,107,3746.04837
-140.0,140,3746.881321
-146.0,146,3747.608613
-105.0,105,3748.185136
-154.0,154,3749.068799
-107.0,107,3749.640459
-116.0,116,3750.226244
-118.0,118,3750.833083
-88.0,88,3751.307112
-107.0,107,3751.844315
-148.0,148,3752.723316
-106.0,106,3753.280376
-119.0,119,3753.896323
-116.0,116,3754.469942
-118.0,118,3755.305022
-83.0,83,3755.76146
-127.0,127,3756.455367
-104.0,104,3756.968127
-109.0,109,3757.577935
-105.0,105,3758.175187
-156.0,156,3759.063453
-106.0,106,3759.754373
-122.0,122,3760.467716
-158.0,158,3761.414714
-102.0,102,3762.058617
-84.0,84,3762.495493
-116.0,116,3763.252415
-110.0,110,3763.965062
-107.0,107,3764.595811
-106.0,106,3765.260575
-168.0,168,3766.288978
-117.0,117,3766.99268
-106.0,106,3767.597726
-157.0,157,3768.541354
-105.0,105,3769.106377
-96.0,96,3769.796579
-107.0,107,3770.480302
-91.0,91,3770.969739
-105.0,105,3771.632501
-86.0,86,3772.218127
-105.0,105,3772.910825
-106.0,106,3773.484365
-154.0,154,3774.40654
-106.0,106,3775.024566
-105.0,105,3775.614147
-92.0,92,3776.04582
-112.0,112,3776.639897
-112.0,112,3777.268318
-117.0,117,3777.957279
-107.0,107,3778.597148
-103.0,103,3779.190111
-114.0,114,3780.084486
-144.0,144,3780.931929
-152.0,152,3781.820404
-109.0,109,3782.523673
-88.0,88,3783.092899
-96.0,96,3783.616585
-144.0,144,3784.532585
-104.0,104,3785.056911
-153.0,153,3786.007726
-114.0,114,3786.553957
-156.0,156,3787.48281
-89.0,89,3788.056152
-152.0,152,3788.925969
-154.0,154,3789.897822
-103.0,103,3790.571315
-154.0,154,3791.454614
-167.0,167,3792.585309
-144.0,144,3793.469549
-86.0,86,3794.070559
-153.0,153,3795.005242
-99.0,99,3795.580603
-85.0,85,3796.097501
-147.0,147,3797.062173
-151.0,151,3798.058208
-150.0,150,3798.973581
-88.0,88,3799.408842
-107.0,107,3800.168027
-117.0,117,3800.870691
-83.0,83,3801.406675
-118.0,118,3802.006162
-87.0,87,3802.501145
-114.0,114,3803.160968
-144.0,144,3803.832695
-115.0,115,3804.50931
-92.0,92,3805.095528
-90.0,90,3805.582747
-109.0,109,3806.228687
-149.0,149,3807.108495
-113.0,113,3807.769192
-107.0,107,3808.502475
-153.0,153,3809.42452
-107.0,107,3810.003699
-105.0,105,3810.721641
-89.0,89,3811.229305
-106.0,106,3811.89544
-106.0,106,3812.536027
-106.0,106,3813.056105
-100.0,100,3813.756473
-121.0,121,3814.585366
-119.0,119,3815.305439
-88.0,88,3815.88215
-153.0,153,3816.652564
-109.0,109,3817.36091
-157.0,157,3818.231069
-106.0,106,3818.873237
-107.0,107,3819.636426
-160.0,160,3820.539256
-89.0,89,3821.09029
-90.0,90,3821.678468
-113.0,113,3822.326503
-107.0,107,3822.981833
-107.0,107,3823.635455
-152.0,152,3824.677597
-110.0,110,3825.305034
-104.0,104,3825.953496
-111.0,111,3826.515965
-104.0,104,3827.149081
-104.0,104,3827.740355
-88.0,88,3828.220673
-84.0,84,3828.790405
-93.0,93,3829.357814
-107.0,107,3829.99841
-94.0,94,3830.559541
-105.0,105,3831.206466
-99.0,99,3831.845323
-84.0,84,3832.272129
-111.0,111,3832.882333
-89.0,89,3833.292897
-105.0,105,3833.866912
-121.0,121,3834.544198
-104.0,104,3834.990691
-120.0,120,3835.686747
-117.0,117,3836.233698
-84.0,84,3836.802402
-96.0,96,3837.550778
-84.0,84,3838.00907
-116.0,116,3838.732747
-106.0,106,3839.514176
-105.0,105,3840.057538
-108.0,108,3840.686584
-104.0,104,3841.291833
-87.0,87,3841.6787
-109.0,109,3842.147231
-103.0,103,3842.788246
-96.0,96,3843.243403
-113.0,113,3844.036473
-118.0,118,3844.470335
-145.0,145,3845.126664
-105.0,105,3845.687093
-113.0,113,3846.290067
-113.0,113,3846.988107
-161.0,161,3847.687475
-101.0,101,3848.268901
-107.0,107,3848.782923
-107.0,107,3849.62297
-108.0,108,3850.181691
-85.0,85,3850.629389
-108.0,108,3851.336418
-108.0,108,3851.874693
-112.0,112,3852.541527
-113.0,113,3853.299022
-117.0,117,3853.947712
-90.0,90,3854.510474
-159.0,159,3855.568692
-106.0,106,3856.250513
-119.0,119,3857.042428
-111.0,111,3857.690952
-160.0,160,3858.58041
-87.0,87,3859.126249
-150.0,150,3859.944025
-149.0,149,3860.874437
-152.0,152,3861.867467
-152.0,152,3862.781651
-92.0,92,3863.270472
-156.0,156,3864.209503
-149.0,149,3865.031564
-147.0,147,3865.860422
-119.0,119,3866.458956
-145.0,145,3867.214746
-146.0,146,3868.099488
-150.0,150,3868.98825
-91.0,91,3869.545674
-89.0,89,3870.153626
-85.0,85,3870.535078
-121.0,121,3871.222617
-155.0,155,3872.074296
-89.0,89,3872.606555
-121.0,121,3873.379916
-142.0,142,3874.046267
-117.0,117,3874.643747
-115.0,115,3875.235735
-117.0,117,3875.882983
-83.0,83,3876.235319
-141.0,141,3877.063499
-140.0,140,3877.896489
-144.0,144,3878.825551
-144.0,144,3879.614508
-152.0,152,3880.508677
-145.0,145,3881.44584
-145.0,145,3882.38932
-92.0,92,3882.937678
-112.0,112,3883.502939
-87.0,87,3883.962252
-118.0,118,3884.837507
-90.0,90,3885.324207
-145.0,145,3886.276707
-109.0,109,3886.970823
-120.0,120,3887.72043
-143.0,143,3888.477018
-119.0,119,3889.186641
-107.0,107,3889.79038
-88.0,88,3890.307503
-145.0,145,3891.294678
-85.0,85,3891.705022
-90.0,90,3892.24647
-142.0,142,3893.048361
-103.0,103,3893.719413
-96.0,96,3894.22535
-105.0,105,3894.875701
-99.0,99,3895.440079
-153.0,153,3896.433301
-107.0,107,3897.09017
-110.0,110,3897.804626
-111.0,111,3898.480715
-89.0,89,3898.936138
-145.0,145,3899.785306
-90.0,90,3900.287968
-114.0,114,3900.953029
-109.0,109,3901.700715
-148.0,148,3902.614591
-125.0,125,3903.328034
-88.0,88,3903.848391
-85.0,85,3904.336439
-111.0,111,3905.036369
-106.0,106,3905.635907
-106.0,106,3906.305786
-107.0,107,3906.855744
-85.0,85,3907.294393
-106.0,106,3908.029555
-119.0,119,3908.706907
-108.0,108,3909.37274
-105.0,105,3909.937731
-147.0,147,3910.861137
-116.0,116,3911.516253
-121.0,121,3912.240556
-86.0,86,3912.79201
-86.0,86,3913.260289
-127.0,127,3913.986321
-104.0,104,3914.423318
-138.0,138,3915.282516
-86.0,86,3915.806517
-144.0,144,3916.543274
-84.0,84,3916.955575
-87.0,87,3917.481316
-108.0,108,3918.071102
-105.0,105,3918.652982
-157.0,157,3919.464121
-119.0,119,3920.042541
-93.0,93,3920.605049
-93.0,93,3921.081745
-143.0,143,3921.767074
-144.0,144,3922.613484
-85.0,85,3923.169502
-84.0,84,3923.603856
-106.0,106,3924.291929
-94.0,94,3924.973769
-151.0,151,3926.07117
-160.0,160,3927.288213
-117.0,117,3927.929972
-108.0,108,3928.594299
-105.0,105,3929.222617
-90.0,90,3929.805638
-85.0,85,3930.550324
-90.0,90,3931.034565
-124.0,124,3931.840592
-129.0,129,3932.592826
-131.0,131,3933.469835
-85.0,85,3933.934946
-158.0,158,3935.071651
-167.0,167,3936.089592
-144.0,144,3937.563242
-145.0,145,3938.445957
-87.0,87,3939.151147
-123.0,123,3939.91854
-127.0,127,3940.888155
-108.0,108,3941.58891
-155.0,155,3942.675443
-85.0,85,3943.310499
-117.0,117,3944.276649
-114.0,114,3945.036368
-106.0,106,3945.763584
-86.0,86,3946.8356
-132.0,132,3948.055896
-86.0,86,3948.61508
-91.0,91,3949.194013
-147.0,147,3950.443569
-111.0,111,3951.180477
-92.0,92,3951.927442
-111.0,111,3952.714048
-114.0,114,3953.518529
-95.0,95,3954.287494
-87.0,87,3954.840561
-85.0,85,3955.470559
-148.0,148,3956.412464
-109.0,109,3957.162542
-116.0,116,3957.890744
-125.0,125,3958.691208
-106.0,106,3959.436521
-143.0,143,3960.449004
-91.0,91,3960.999633
-89.0,89,3961.584563
-158.0,158,3962.763149
-108.0,108,3963.576211
-91.0,91,3964.170218
-144.0,144,3965.043542
-89.0,89,3965.592494
-89.0,89,3966.183824
-126.0,126,3966.932705
-88.0,88,3967.585253
-111.0,111,3968.351768
-143.0,143,3969.323271
-152.0,152,3970.255955
-90.0,90,3970.776359
-106.0,106,3971.392928
-107.0,107,3972.110143
-126.0,126,3972.84648
-93.0,93,3973.518205
-118.0,118,3974.202271
-124.0,124,3974.940891
-110.0,110,3975.659395
-111.0,111,3976.237973
-146.0,146,3977.191938
-85.0,85,3977.641514
-107.0,107,3978.325762
-94.0,94,3978.864658
-86.0,86,3979.27875
-145.0,145,3980.273334
-110.0,110,3980.927409
-120.0,120,3981.637694
-118.0,118,3982.387512
-132.0,132,3983.257829
-93.0,93,3983.888575
-112.0,112,3984.638689
-104.0,104,3985.285635
-117.0,117,3986.219243
-89.0,89,3986.693718
-160.0,160,3987.62198
-140.0,140,3988.501505
-133.0,133,3989.281997
-103.0,103,3989.903342
-105.0,105,3990.482893
-112.0,112,3991.282788
-113.0,113,3991.990113
-144.0,144,3992.799731
-89.0,89,3993.42462
-85.0,85,3993.935447
-144.0,144,3994.714239
-106.0,106,3995.393542
-142.0,142,3996.172319
-106.0,106,3996.751302
-111.0,111,3997.592007
-87.0,87,3998.189326
-90.0,90,3998.725184
-118.0,118,3999.401469
-107.0,107,3999.967947
-83.0,83,4000.455034
-146.0,146,4001.278782
-83.0,83,4001.674646
-106.0,106,4002.242845
-117.0,117,4002.892183
-121.0,121,4003.612807
-104.0,104,4004.156819
-89.0,89,4004.666799
-104.0,104,4005.189874
-118.0,118,4005.845103
-106.0,106,4006.489959
-87.0,87,4007.067182
-85.0,85,4007.492218
-118.0,118,4008.06167
-104.0,104,4008.717704
-104.0,104,4009.371264
-149.0,149,4010.208873
-98.0,98,4010.718642
-116.0,116,4011.347824
-150.0,150,4012.393034
-118.0,118,4013.18956
-108.0,108,4013.786557
-84.0,84,4014.333224
-110.0,110,4014.95807
-96.0,96,4015.510718
-106.0,106,4016.13689
-122.0,122,4016.935441
-84.0,84,4017.286248
-106.0,106,4017.818356
-106.0,106,4018.47161
-105.0,105,4019.112139
-178.0,178,4020.169718
-123.0,123,4021.008462
-85.0,85,4021.499588
-109.0,109,4022.217436
-86.0,86,4022.737946
-160.0,160,4023.721921
-174.0,174,4024.928789
-143.0,143,4025.813268
-120.0,120,4026.566031
-105.0,105,4027.212746
-117.0,117,4027.92965
-99.0,99,4028.510983
-104.0,104,4029.145348
-112.0,112,4029.751482
-88.0,88,4030.268219
-185.0,185,4031.254183
-108.0,108,4031.898941
-99.0,99,4032.363045
-119.0,119,4033.103328
-105.0,105,4033.724292
-108.0,108,4034.354305
-95.0,95,4035.01643
-114.0,114,4035.707331
-129.0,129,4036.443743
-121.0,121,4037.147061
-83.0,83,4037.538518
-86.0,86,4037.997097
-116.0,116,4038.644167
