#{"t_start": 1733328529.8499105, "env_id": "MountainCar-v0"}
r,l,t
-200.0,200,4.268021
-200.0,200,4.59508
-200.0,200,6.727868
-200.0,200,10.797555
-200.0,200,14.463698
-200.0,200,18.862251
-200.0,200,23.214407
-200.0,200,27.876215
-200.0,200,32.445724
-200.0,200,37.074695
-200.0,200,41.582075
-200.0,200,45.933112
-200.0,200,50.416565
-200.0,200,54.834365
-200.0,200,59.187507
-200.0,200,63.68395
-200.0,200,68.379118
-200.0,200,72.976192
-200.0,200,77.585371
-200.0,200,82.201426
-200.0,200,86.842515
-200.0,200,91.09014
-200.0,200,95.478686
-200.0,200,100.006287
-200.0,200,104.405891
-166.0,166,108.158805
-200.0,200,112.693905
-200.0,200,117.255684
-200.0,200,121.794945
-200.0,200,126.490529
-194.0,194,131.083221
-200.0,200,135.523214
-200.0,200,140.134621
-200.0,200,144.529862
-200.0,200,148.965092
-200.0,200,153.374784
-200.0,200,157.83635
-162.0,162,161.996796
-159.0,159,166.095532
-200.0,200,171.312011
-180.0,180,175.884157
-200.0,200,181.03827
-151.0,151,184.903277
-159.0,159,188.940392
-200.0,200,193.835285
-200.0,200,198.701386
-200.0,200,203.850596
-183.0,183,208.474861
-200.0,200,213.423451
-200.0,200,218.475411
-162.0,162,222.507696
-154.0,154,227.752699
-200.0,200,233.19611
-200.0,200,238.382753
-200.0,200,243.760393
-200.0,200,248.754674
-200.0,200,253.452992
-183.0,183,258.253383
-200.0,200,263.028804
-200.0,200,268.107614
-200.0,200,273.198275
-200.0,200,278.287694
-200.0,200,283.338834
-200.0,200,288.469189
-200.0,200,293.521544
-200.0,200,298.538853
-200.0,200,303.631392
-172.0,172,308.061408
-200.0,200,313.075807
-200.0,200,317.80776
-200.0,200,322.854301
-200.0,200,327.85142
-200.0,200,332.796078
-173.0,173,336.987524
-196.0,196,341.846404
-176.0,176,346.103728
-200.0,200,350.885407
-200.0,200,355.926651
-200.0,200,360.330805
-177.0,177,364.426353
-180.0,180,368.752293
-175.0,175,372.697581
-200.0,200,377.455525
-200.0,200,382.217377
-200.0,200,387.01252
-200.0,200,391.68425
-200.0,200,396.344079
-200.0,200,400.928207
-200.0,200,405.502625
-200.0,200,409.98586
-200.0,200,414.418342
-200.0,200,419.005608
-173.0,173,423.207721
-200.0,200,427.904105
-200.0,200,432.849584
-200.0,200,437.690728
-200.0,200,442.134807
-200.0,200,446.623379
-178.0,178,450.621811
-200.0,200,455.061876
-200.0,200,459.504659
-200.0,200,464.134472
-200.0,200,468.79463
-200.0,200,473.443823
-200.0,200,477.977547
-200.0,200,482.579358
-200.0,200,487.393694
-200.0,200,492.167637
-200.0,200,496.481003
-200.0,200,500.966234
-200.0,200,505.6065
-200.0,200,510.769473
-200.0,200,515.985534
-200.0,200,521.242463
-200.0,200,526.084233
-200.0,200,530.928354
-200.0,200,536.077495
-200.0,200,541.191869
-200.0,200,546.542343
-200.0,200,551.060146
-200.0,200,555.605684
-200.0,200,560.328709
-200.0,200,565.103026
-200.0,200,569.84383
-200.0,200,574.197915
-200.0,200,578.991095
-200.0,200,583.392184
-186.0,186,588.93637
-200.0,200,593.358074
-200.0,200,598.037686
-200.0,200,602.539116
-200.0,200,607.191141
-200.0,200,611.482919
-200.0,200,615.493738
-200.0,200,619.760412
-200.0,200,624.2047
-200.0,200,628.883618
-200.0,200,633.36543
-200.0,200,637.689189
-200.0,200,641.944605
-200.0,200,646.374929
-200.0,200,650.682765
-200.0,200,654.953447
-200.0,200,659.284159
-200.0,200,663.695178
-200.0,200,668.101417
-200.0,200,672.827919
-200.0,200,677.092941
-200.0,200,681.455679
-200.0,200,685.613179
-200.0,200,690.194098
-200.0,200,694.678403
-200.0,200,698.876556
-200.0,200,703.117314
-200.0,200,707.2908
-200.0,200,711.602178
-200.0,200,715.80656
-200.0,200,720.214205
-200.0,200,724.344894
-200.0,200,728.657717
-200.0,200,732.965107
-200.0,200,736.806688
-200.0,200,740.89428
-154.0,154,744.05065
-200.0,200,748.24167
-200.0,200,752.408686
-200.0,200,756.540745
-200.0,200,760.689051
-200.0,200,764.913629
-200.0,200,768.971738
-200.0,200,773.26056
-160.0,160,776.727557
-200.0,200,781.232747
-200.0,200,785.51333
-165.0,165,788.797631
-200.0,200,793.205354
-200.0,200,797.372326
-200.0,200,801.615445
-200.0,200,806.008934
-200.0,200,810.336253
-200.0,200,814.567364
-200.0,200,818.8273
-200.0,200,823.15077
-200.0,200,827.323751
-200.0,200,831.511293
-200.0,200,835.626831
-200.0,200,839.675872
-200.0,200,844.166167
-170.0,170,847.63033
-200.0,200,851.625703
-200.0,200,855.59419
-200.0,200,859.544586
-200.0,200,863.429405
-200.0,200,867.59248
-200.0,200,871.359876
-200.0,200,875.296728
-200.0,200,879.407569
-200.0,200,883.543847
-200.0,200,887.859925
-200.0,200,892.259336
-200.0,200,896.583012
-200.0,200,900.605556
-200.0,200,904.353887
-200.0,200,908.788948
-200.0,200,912.819796
-200.0,200,917.302927
-200.0,200,921.535757
-200.0,200,924.892957
-200.0,200,928.470437
-200.0,200,932.470436
-200.0,200,936.535964
-200.0,200,940.602559
-200.0,200,944.440772
-200.0,200,948.480001
-200.0,200,952.42027
-200.0,200,956.767045
-200.0,200,960.305226
-200.0,200,964.507431
-200.0,200,968.434469
-200.0,200,972.556441
-200.0,200,976.023529
-200.0,200,980.167046
-200.0,200,983.961207
-200.0,200,987.700756
-200.0,200,991.365566
-200.0,200,995.124584
-200.0,200,998.820193
-200.0,200,1002.654118
-200.0,200,1006.405899
-200.0,200,1010.342308
-200.0,200,1014.348596
-190.0,190,1018.220242
-168.0,168,1021.290098
-200.0,200,1025.605887
-187.0,187,1029.61669
-165.0,165,1032.618293
-200.0,200,1036.507414
-200.0,200,1040.065307
-148.0,148,1042.764025
-200.0,200,1046.329735
-200.0,200,1050.240725
-200.0,200,1054.324244
-200.0,200,1058.791503
-200.0,200,1062.803142
-200.0,200,1066.598398
-200.0,200,1070.369932
-200.0,200,1074.275306
-165.0,165,1077.458265
-200.0,200,1080.801179
-190.0,190,1084.174127
-200.0,200,1087.766082
-200.0,200,1091.297233
-200.0,200,1094.653887
-200.0,200,1098.485
-200.0,200,1103.357498
-200.0,200,1106.393933
-200.0,200,1110.074689
-200.0,200,1113.652196
-200.0,200,1117.151509
-200.0,200,1120.532889
-200.0,200,1123.83355
-200.0,200,1127.263024
-200.0,200,1130.529212
-200.0,200,1134.156524
-200.0,200,1137.677679
-200.0,200,1141.276389
-200.0,200,1144.944497
-200.0,200,1148.763052
-200.0,200,1152.991513
-200.0,200,1156.769543
-200.0,200,1160.63867
-200.0,200,1164.027016
-200.0,200,1167.437459
-200.0,200,1171.047309
-200.0,200,1174.193909
-200.0,200,1177.705959
-200.0,200,1181.328137
-200.0,200,1184.865829
-200.0,200,1188.398633
-200.0,200,1191.96845
-200.0,200,1195.236219
-200.0,200,1198.456479
-200.0,200,1201.816794
-200.0,200,1205.158669
-200.0,200,1208.583602
-200.0,200,1211.86646
-200.0,200,1215.263336
-200.0,200,1218.585622
-200.0,200,1222.198388
-200.0,200,1225.932851
-200.0,200,1229.559256
-200.0,200,1232.99475
-200.0,200,1236.323702
-200.0,200,1239.969529
-200.0,200,1243.521246
-200.0,200,1246.881486
-200.0,200,1250.129026
-200.0,200,1253.408484
-200.0,200,1257.17318
-200.0,200,1260.716527
-200.0,200,1264.145945
-200.0,200,1267.761089
-200.0,200,1271.275202
-200.0,200,1274.769675
-200.0,200,1278.084803
-200.0,200,1281.497058
-200.0,200,1285.014018
-200.0,200,1288.599838
-200.0,200,1291.989969
-200.0,200,1295.50511
-200.0,200,1298.949282
-200.0,200,1302.545441
-200.0,200,1305.994713
-200.0,200,1309.409093
-200.0,200,1312.798044
-200.0,200,1316.35924
-200.0,200,1319.833765
-200.0,200,1323.058672
-200.0,200,1326.886527
-200.0,200,1330.098743
-200.0,200,1333.319627
-200.0,200,1336.184798
-200.0,200,1339.333482
-200.0,200,1342.76564
-200.0,200,1346.19274
-200.0,200,1349.45701
-165.0,165,1352.148217
-200.0,200,1355.589826
-120.0,120,1357.538618
-121.0,121,1359.185638
-200.0,200,1362.388491
-167.0,167,1364.560633
-200.0,200,1367.528727
-200.0,200,1370.522552
-200.0,200,1373.585998
-164.0,164,1375.918539
-170.0,170,1378.253218
-200.0,200,1381.033928
-171.0,171,1383.886408
-200.0,200,1386.999768
-193.0,193,1389.697163
-200.0,200,1392.693992
-200.0,200,1395.494933
-200.0,200,1398.72317
-200.0,200,1401.660759
-200.0,200,1404.617125
-200.0,200,1407.715722
-200.0,200,1410.283482
-200.0,200,1413.409495
-200.0,200,1416.145973
-200.0,200,1418.98563
-200.0,200,1421.769239
-200.0,200,1424.548244
-200.0,200,1427.316872
-200.0,200,1430.347379
-200.0,200,1433.041221
-200.0,200,1435.796872
-200.0,200,1438.586026
-200.0,200,1441.283814
-200.0,200,1443.826961
-200.0,200,1446.241775
-200.0,200,1448.615574
-200.0,200,1451.053111
-200.0,200,1453.557625
-200.0,200,1455.986434
-200.0,200,1458.656904
-200.0,200,1461.241675
-200.0,200,1463.800508
-200.0,200,1466.58919
-200.0,200,1469.31968
-200.0,200,1472.016848
-200.0,200,1474.465841
-200.0,200,1477.048534
-200.0,200,1479.696029
-200.0,200,1482.311357
-200.0,200,1484.973899
-200.0,200,1487.366505
-200.0,200,1489.829932
-200.0,200,1492.377164
-200.0,200,1494.854152
-200.0,200,1497.010655
-200.0,200,1500.754244
-200.0,200,1502.943173
-200.0,200,1505.146368
-200.0,200,1507.835233
-200.0,200,1510.212613
-200.0,200,1512.816723
-200.0,200,1515.342705
-200.0,200,1518.076741
-200.0,200,1520.785235
-200.0,200,1523.659463
-200.0,200,1525.700427
-200.0,200,1528.091324
-200.0,200,1530.758129
-200.0,200,1533.324012
-200.0,200,1535.571523
-200.0,200,1538.172574
-200.0,200,1540.506872
-200.0,200,1542.650231
-185.0,185,1544.918547
-200.0,200,1547.241391
-200.0,200,1549.711679
-193.0,193,1552.141291
-200.0,200,1554.596818
-200.0,200,1557.36424
-200.0,200,1559.660055
-200.0,200,1561.905976
-200.0,200,1564.129956
-200.0,200,1566.379475
-200.0,200,1568.758344
-200.0,200,1571.125897
-200.0,200,1573.449685
-200.0,200,1575.785191
-200.0,200,1578.010019
-200.0,200,1579.95488
-200.0,200,1581.91996
-200.0,200,1583.932933
-200.0,200,1585.984895
-200.0,200,1588.157531
-200.0,200,1590.103805
-200.0,200,1592.080771
-200.0,200,1594.031327
-200.0,200,1596.328138
-200.0,200,1598.592854
-200.0,200,1600.974882
-200.0,200,1603.361658
-200.0,200,1605.59574
-200.0,200,1607.839611
-200.0,200,1610.351355
-200.0,200,1612.724745
-200.0,200,1614.734697
-200.0,200,1616.994778
-200.0,200,1619.131795
-200.0,200,1621.351514
-200.0,200,1623.653519
-200.0,200,1625.811638
-200.0,200,1628.004114
-200.0,200,1630.154837
-196.0,196,1632.416199
-200.0,200,1634.39828
-200.0,200,1636.454158
-200.0,200,1638.679059
-200.0,200,1640.597925
-200.0,200,1642.7879
-193.0,193,1644.912497
-200.0,200,1646.885489
-200.0,200,1649.192881
-200.0,200,1651.146269
-200.0,200,1653.02548
-200.0,200,1655.013158
-200.0,200,1657.148345
-200.0,200,1659.063477
-200.0,200,1660.971888
-200.0,200,1663.083481
-200.0,200,1665.035995
-200.0,200,1667.263451
-200.0,200,1669.102869
-200.0,200,1670.831592
-200.0,200,1672.651168
-200.0,200,1674.547279
-200.0,200,1676.514072
-200.0,200,1678.259301
-200.0,200,1680.090496
-200.0,200,1681.797581
-200.0,200,1683.63651
-200.0,200,1685.480994
-200.0,200,1687.379396
-200.0,200,1689.341176
-200.0,200,1691.189253
-200.0,200,1692.899194
-200.0,200,1694.681155
-200.0,200,1696.255127
-200.0,200,1697.910902
-200.0,200,1699.641008
-200.0,200,1701.079325
-200.0,200,1702.716633
-200.0,200,1704.188702
-200.0,200,1705.569926
-200.0,200,1707.226154
-200.0,200,1708.744339
-200.0,200,1710.351298
-200.0,200,1711.947927
-200.0,200,1713.611874
-200.0,200,1715.386052
-200.0,200,1716.993493
-200.0,200,1718.551308
-200.0,200,1720.081024
-200.0,200,1721.742239
-200.0,200,1723.487047
-200.0,200,1725.254706
-200.0,200,1726.768636
-200.0,200,1728.569768
-200.0,200,1730.082626
-200.0,200,1731.62671
-200.0,200,1733.110465
-200.0,200,1734.615376
-200.0,200,1736.118446
-200.0,200,1737.7707
-200.0,200,1739.277731
-200.0,200,1740.761554
-200.0,200,1742.124039
-200.0,200,1743.540995
-200.0,200,1744.797516
-200.0,200,1746.140323
-200.0,200,1747.430048
-200.0,200,1748.745573
-200.0,200,1751.622501
-200.0,200,1753.037718
-200.0,200,1754.42393
-200.0,200,1755.882544
-200.0,200,1757.1254
-200.0,200,1758.547862
-200.0,200,1759.94731
-200.0,200,1761.468316
-200.0,200,1762.834751
-200.0,200,1764.469267
-169.0,169,1765.711846
-200.0,200,1767.620022
-200.0,200,1769.136728
-200.0,200,1771.012815
-200.0,200,1772.396682
-200.0,200,1774.259451
-200.0,200,1776.137296
-200.0,200,1777.885884
-200.0,200,1779.296225
-200.0,200,1780.635676
-200.0,200,1782.216426
-200.0,200,1783.673904
-200.0,200,1785.004303
-200.0,200,1786.359466
-200.0,200,1787.61896
-200.0,200,1789.077463
-200.0,200,1790.318646
-200.0,200,1791.720467
-200.0,200,1793.254277
-200.0,200,1794.772776
-200.0,200,1796.106147
-200.0,200,1797.397609
-200.0,200,1798.897905
-200.0,200,1800.837355
-200.0,200,1802.367708
-200.0,200,1804.007742
-200.0,200,1805.503153
-200.0,200,1807.271283
-200.0,200,1808.725402
-200.0,200,1810.241474
-200.0,200,1811.70208
-200.0,200,1813.170422
-200.0,200,1814.639755
-200.0,200,1816.107218
-130.0,130,1816.918931
-132.0,132,1817.809524
-200.0,200,1819.31561
-200.0,200,1820.601546
-200.0,200,1821.966305
-200.0,200,1823.314848
-187.0,187,1824.52292
-200.0,200,1825.85101
-200.0,200,1827.191328
-200.0,200,1828.50693
-200.0,200,1830.037606
-200.0,200,1831.512305
-200.0,200,1832.992058
-200.0,200,1834.303599
-200.0,200,1835.574648
-200.0,200,1837.014274
-200.0,200,1838.344291
-200.0,200,1839.754865
-200.0,200,1841.22146
-200.0,200,1842.630913
-200.0,200,1844.368755
-200.0,200,1845.849876
-200.0,200,1847.506987
-200.0,200,1848.89437
-200.0,200,1850.335764
-200.0,200,1851.953724
-200.0,200,1853.562783
-200.0,200,1855.034362
-200.0,200,1856.445115
-200.0,200,1857.945163
-200.0,200,1859.485283
-200.0,200,1861.081089
-200.0,200,1862.551363
-200.0,200,1863.864214
-200.0,200,1865.395377
-200.0,200,1866.838659
-166.0,166,1867.939603
-200.0,200,1869.277729
-200.0,200,1870.748751
-178.0,178,1872.066003
-200.0,200,1873.349253
-200.0,200,1874.972201
-200.0,200,1876.304917
-168.0,168,1877.32652
-188.0,188,1878.635738
-200.0,200,1880.060168
-200.0,200,1881.508491
-200.0,200,1882.81366
-200.0,200,1884.139379
-200.0,200,1885.669114
-200.0,200,1887.186478
-200.0,200,1888.534116
-200.0,200,1890.00804
-200.0,200,1891.217206
-200.0,200,1892.912781
-200.0,200,1894.426045
-200.0,200,1895.801196
-200.0,200,1897.312124
-200.0,200,1898.849519
-200.0,200,1900.100503
-200.0,200,1901.469408
-200.0,200,1902.716465
-200.0,200,1904.017625
-200.0,200,1905.283964
-200.0,200,1906.485682
-162.0,162,1907.534163
-200.0,200,1908.736489
-200.0,200,1909.878628
-200.0,200,1911.045901
-191.0,191,1912.524047
-200.0,200,1914.098709
-186.0,186,1915.389204
-171.0,171,1916.613543
-192.0,192,1918.009498
-200.0,200,1919.476093
-200.0,200,1920.826504
-200.0,200,1922.279299
-200.0,200,1923.846928
-200.0,200,1925.331826
-200.0,200,1926.757737
-200.0,200,1928.126682
-200.0,200,1929.677536
-200.0,200,1931.065032
-200.0,200,1933.977443
-200.0,200,1935.278644
-200.0,200,1936.686906
-200.0,200,1938.098901
-200.0,200,1939.778695
-200.0,200,1941.277994
-200.0,200,1942.794598
-200.0,200,1944.207983
-200.0,200,1945.570489
-200.0,200,1946.887856
-200.0,200,1948.471818
-200.0,200,1949.863949
-200.0,200,1951.207188
-200.0,200,1952.972174
-200.0,200,1954.651947
-200.0,200,1956.269757
-200.0,200,1957.703449
-200.0,200,1959.148277
-200.0,200,1960.672643
-200.0,200,1962.157315
-200.0,200,1963.856443
-200.0,200,1965.349468
-200.0,200,1967.060776
-200.0,200,1968.576311
-200.0,200,1970.086772
-200.0,200,1971.557103
-200.0,200,1973.037601
-200.0,200,1974.531415
-200.0,200,1976.131884
-200.0,200,1977.816949
-200.0,200,1979.19674
-200.0,200,1980.683843
-200.0,200,1982.092285
-200.0,200,1983.321062
-200.0,200,1984.683189
-200.0,200,1986.054923
-200.0,200,1987.690421
-200.0,200,1989.087821
-200.0,200,1990.656527
-200.0,200,1992.16278
-200.0,200,1993.82302
-200.0,200,1995.355775
-191.0,191,1996.672647
-170.0,170,1998.112529
-97.0,97,1998.906673
-200.0,200,2000.417612
-200.0,200,2001.852548
-101.0,101,2002.559919
-174.0,174,2003.786693
-200.0,200,2005.344875
-121.0,121,2006.228801
-200.0,200,2007.652041
-90.0,90,2008.32888
-91.0,91,2008.873427
-160.0,160,2010.045834
-168.0,168,2011.242023
-87.0,87,2011.861906
-110.0,110,2012.625635
-200.0,200,2013.973793
-190.0,190,2015.568911
-200.0,200,2017.082512
-200.0,200,2018.44967
-200.0,200,2020.05069
-200.0,200,2021.49384
-200.0,200,2022.871666
-200.0,200,2024.192338
-200.0,200,2025.632949
-200.0,200,2027.09704
-200.0,200,2028.540172
-200.0,200,2029.924156
-200.0,200,2031.31238
-200.0,200,2032.770566
-200.0,200,2034.35483
-200.0,200,2035.941138
-200.0,200,2037.378002
-166.0,166,2038.647427
-200.0,200,2040.277882
-98.0,98,2040.984764
-185.0,185,2042.513783
-200.0,200,2043.981302
-174.0,174,2045.580338
-200.0,200,2046.997883
-171.0,171,2048.413006
-200.0,200,2049.816257
-200.0,200,2051.298788
-184.0,184,2052.541509
-116.0,116,2053.506749
-200.0,200,2054.743531
-200.0,200,2056.183248
-200.0,200,2057.691356
-200.0,200,2059.07467
-200.0,200,2060.513895
-200.0,200,2061.867722
-141.0,141,2062.77681
-200.0,200,2064.00083
-200.0,200,2065.459741
-200.0,200,2066.801711
-196.0,196,2068.236454
-200.0,200,2069.602845
-200.0,200,2071.13164
-200.0,200,2072.528563
-200.0,200,2074.004336
-200.0,200,2075.544251
-200.0,200,2077.563973
-200.0,200,2079.38737
-200.0,200,2080.882794
-200.0,200,2082.681844
-200.0,200,2084.947072
-200.0,200,2086.844935
-200.0,200,2088.377465
-200.0,200,2090.211218
-200.0,200,2091.973058
-200.0,200,2093.513997
-200.0,200,2095.070108
-200.0,200,2096.696407
-200.0,200,2098.215267
-200.0,200,2099.783955
-200.0,200,2101.378176
-200.0,200,2102.899379
-200.0,200,2104.445973
-200.0,200,2105.995485
-200.0,200,2107.385692
-200.0,200,2108.91629
-200.0,200,2110.290171
-200.0,200,2111.818788
-200.0,200,2113.30994
-200.0,200,2114.807471
-200.0,200,2116.380271
-200.0,200,2118.035648
-200.0,200,2119.584984
-200.0,200,2121.285153
-200.0,200,2124.280703
-200.0,200,2125.686037
-200.0,200,2127.064972
-185.0,185,2128.535344
-200.0,200,2129.984398
-167.0,167,2131.482867
-200.0,200,2132.911618
-179.0,179,2134.114564
-178.0,178,2135.570708
-176.0,176,2136.828452
-114.0,114,2137.602442
-186.0,186,2139.052824
-200.0,200,2140.267345
-196.0,196,2141.601079
-200.0,200,2143.103863
-200.0,200,2144.373482
-200.0,200,2145.702899
-200.0,200,2147.105096
-200.0,200,2148.551801
-200.0,200,2149.822824
-200.0,200,2151.292448
-200.0,200,2152.687134
-200.0,200,2154.473019
-200.0,200,2155.915298
-200.0,200,2157.439647
-200.0,200,2158.85635
-200.0,200,2160.588072
-200.0,200,2162.290627
-200.0,200,2163.970256
-200.0,200,2165.799065
-200.0,200,2167.163809
-200.0,200,2168.697716
-200.0,200,2169.990539
-200.0,200,2171.601176
-200.0,200,2172.962852
-200.0,200,2174.280062
-200.0,200,2175.63746
-200.0,200,2176.996516
-200.0,200,2178.357478
-200.0,200,2179.646407
-200.0,200,2180.944232
-200.0,200,2182.326048
-200.0,200,2183.696373
-200.0,200,2185.198961
-200.0,200,2186.7936
-200.0,200,2188.268304
-200.0,200,2189.780678
-200.0,200,2191.185622
-200.0,200,2192.878636
-200.0,200,2194.364053
-200.0,200,2195.865445
-200.0,200,2197.214686
-200.0,200,2198.715234
-200.0,200,2200.091455
-200.0,200,2201.728759
-200.0,200,2203.101502
-200.0,200,2204.584382
-200.0,200,2206.012098
-200.0,200,2207.431624
-200.0,200,2208.816041
-200.0,200,2210.273994
-200.0,200,2211.62299
-200.0,200,2213.008741
-200.0,200,2214.420265
-200.0,200,2215.905618
-200.0,200,2217.207496
-200.0,200,2218.512156
-200.0,200,2219.77116
-200.0,200,2221.224707
-200.0,200,2222.589108
-200.0,200,2223.812951
-200.0,200,2225.3322
-200.0,200,2226.787917
-200.0,200,2228.281061
-200.0,200,2229.699822
-200.0,200,2231.142518
-200.0,200,2232.58685
-192.0,192,2234.009492
-200.0,200,2235.553993
-200.0,200,2237.318023
-200.0,200,2238.884725
-200.0,200,2240.207358
-200.0,200,2241.673463
-200.0,200,2243.049024
-200.0,200,2244.489712
-200.0,200,2245.970055
-200.0,200,2247.338255
-200.0,200,2248.630827
-172.0,172,2249.873101
-200.0,200,2251.309518
-200.0,200,2252.646953
-200.0,200,2253.897549
-200.0,200,2255.287796
-200.0,200,2256.55625
-178.0,178,2257.795381
-200.0,200,2259.232013
-200.0,200,2260.707101
-200.0,200,2262.338932
-200.0,200,2263.842626
-122.0,122,2264.813093
-200.0,200,2266.21567
-200.0,200,2267.687777
-200.0,200,2269.106079
-127.0,127,2270.149749
-128.0,128,2270.985814
-200.0,200,2272.491932
-192.0,192,2273.889481
-200.0,200,2275.267999
-200.0,200,2276.714444
-200.0,200,2278.057342
-200.0,200,2279.461221
-200.0,200,2280.873731
-126.0,126,2281.742822
-200.0,200,2283.088608
-133.0,133,2284.034173
-200.0,200,2285.256483
-200.0,200,2286.673142
-200.0,200,2288.028401
-200.0,200,2289.372369
-200.0,200,2290.736054
-200.0,200,2292.119304
-200.0,200,2293.557944
-200.0,200,2294.863734
-200.0,200,2296.36091
-200.0,200,2297.65045
-200.0,200,2299.043165
-200.0,200,2300.457654
-200.0,200,2301.824713
-200.0,200,2304.544841
-189.0,189,2305.770695
-177.0,177,2307.21283
-171.0,171,2308.447833
-187.0,187,2309.842061
-162.0,162,2311.215759
-169.0,169,2312.457718
-168.0,168,2313.741238
-159.0,159,2314.98034
-164.0,164,2316.101278
-200.0,200,2317.542197
-200.0,200,2319.024356
-159.0,159,2320.199727
-184.0,184,2321.554124
-165.0,165,2322.757219
-180.0,180,2323.969194
-200.0,200,2325.427153
-200.0,200,2326.954817
-200.0,200,2328.395119
-200.0,200,2329.869087
-164.0,164,2331.187182
-200.0,200,2332.783925
-158.0,158,2333.869789
-200.0,200,2335.24875
-199.0,199,2336.764798
-168.0,168,2338.140656
-200.0,200,2339.621819
-160.0,160,2340.795265
-200.0,200,2342.2908
-200.0,200,2343.910958
-200.0,200,2345.655561
-200.0,200,2347.111896
-200.0,200,2348.722141
-200.0,200,2350.441261
-200.0,200,2351.929206
-200.0,200,2353.444965
-200.0,200,2354.92632
-200.0,200,2356.565539
-200.0,200,2358.145851
-200.0,200,2359.544294
-200.0,200,2361.101088
-200.0,200,2362.580103
-200.0,200,2364.005912
-200.0,200,2365.323963
-200.0,200,2366.569514
-200.0,200,2367.995251
-200.0,200,2369.542906
-200.0,200,2370.978209
-200.0,200,2372.611964
-200.0,200,2374.132479
-200.0,200,2375.674051
-200.0,200,2377.19834
-200.0,200,2378.603536
-200.0,200,2380.014982
-200.0,200,2381.463723
-200.0,200,2382.928068
-200.0,200,2384.425991
-200.0,200,2385.957505
-144.0,144,2386.942611
-151.0,151,2388.571555
-145.0,145,2389.829843
-200.0,200,2391.430776
-200.0,200,2392.889165
-200.0,200,2394.47087
-200.0,200,2395.994385
-200.0,200,2397.596617
-200.0,200,2399.20879
-200.0,200,2400.763359
-200.0,200,2402.319881
-165.0,165,2403.704166
-200.0,200,2405.257015
-166.0,166,2406.642267
-169.0,169,2407.920274
-164.0,164,2409.185051
-187.0,187,2410.591622
-200.0,200,2412.023442
-164.0,164,2413.364918
-173.0,173,2414.663396
-200.0,200,2416.513953
-200.0,200,2417.893554
-200.0,200,2419.322859
-156.0,156,2420.335128
-200.0,200,2421.813143
-141.0,141,2422.8237
-200.0,200,2424.384313
-143.0,143,2425.559871
-200.0,200,2426.837767
-171.0,171,2428.118711
-141.0,141,2429.27913
-172.0,172,2430.703373
-175.0,175,2431.968841
-152.0,152,2433.190613
-138.0,138,2434.156304
-136.0,136,2435.241877
-200.0,200,2436.741355
-143.0,143,2437.808564
-200.0,200,2439.093379
-172.0,172,2440.14462
-174.0,174,2441.413736
-176.0,176,2442.570962
-181.0,181,2443.891097
-200.0,200,2445.360493
-176.0,176,2446.552984
-200.0,200,2448.058651
-172.0,172,2449.329865
-167.0,167,2450.530852
-167.0,167,2451.755937
-170.0,170,2453.015019
-189.0,189,2454.454612
-200.0,200,2455.856095
-200.0,200,2457.423386
-200.0,200,2458.888825
-167.0,167,2460.122975
-176.0,176,2461.340528
-161.0,161,2462.388098
-173.0,173,2463.644417
-179.0,179,2464.957772
-184.0,184,2466.438136
-177.0,177,2467.855962
-200.0,200,2469.381005
-200.0,200,2470.75737
-198.0,198,2472.431324
-178.0,178,2473.644217
-181.0,181,2474.919462
-186.0,186,2476.154856
-184.0,184,2477.386255
-177.0,177,2478.430909
-177.0,177,2479.693141
-179.0,179,2480.843231
-178.0,178,2481.941871
-171.0,171,2483.119751
-105.0,105,2483.856158
-165.0,165,2484.86585
-171.0,171,2485.999
-172.0,172,2487.252207
-174.0,174,2488.520109
-187.0,187,2491.16595
-200.0,200,2492.490229
-200.0,200,2493.950924
-181.0,181,2495.313043
-200.0,200,2496.689138
-167.0,167,2497.902288
-173.0,173,2499.107106
-123.0,123,2500.041882
-153.0,153,2501.139354
-174.0,174,2502.49806
-196.0,196,2504.007638
-111.0,111,2504.78981
-153.0,153,2505.900476
-200.0,200,2507.331296
-151.0,151,2508.502534
-170.0,170,2509.8027
-154.0,154,2510.905706
-121.0,121,2511.901761
-152.0,152,2513.029198
-149.0,149,2514.031372
-168.0,168,2515.401406
-200.0,200,2516.862983
-177.0,177,2517.950202
-194.0,194,2519.313051
-117.0,117,2520.127653
-200.0,200,2521.405684
-200.0,200,2522.709495
-200.0,200,2524.035887
-200.0,200,2525.419305
-200.0,200,2526.862894
-200.0,200,2528.290585
-200.0,200,2529.744465
-159.0,159,2530.903385
-159.0,159,2531.972819
-200.0,200,2533.338606
-162.0,162,2534.549328
-113.0,113,2535.509624
-193.0,193,2536.921584
-167.0,167,2538.157428
-140.0,140,2539.148343
-144.0,144,2540.268756
-200.0,200,2541.641795
-196.0,196,2543.171079
-200.0,200,2544.488299
-200.0,200,2546.021956
-161.0,161,2547.265543
-200.0,200,2548.471201
-182.0,182,2549.596702
-200.0,200,2551.097687
-200.0,200,2552.421568
-200.0,200,2553.723509
-200.0,200,2555.09467
-200.0,200,2556.58923
-200.0,200,2557.885909
-131.0,131,2558.969736
-171.0,171,2560.063807
-175.0,175,2561.175797
-200.0,200,2562.691156
-157.0,157,2563.664978
-200.0,200,2564.962101
-200.0,200,2566.481642
-200.0,200,2567.721646
-142.0,142,2568.708059
-200.0,200,2570.135025
-168.0,168,2571.411786
-169.0,169,2572.782915
-162.0,162,2574.077417
-182.0,182,2575.325232
-155.0,155,2576.317557
-135.0,135,2577.305426
-193.0,193,2578.830913
-184.0,184,2580.086951
-174.0,174,2581.183794
-165.0,165,2582.4101
-178.0,178,2583.611605
-100.0,100,2584.462256
-175.0,175,2585.620609
-167.0,167,2586.926278
-171.0,171,2588.071087
-200.0,200,2589.575543
-200.0,200,2591.05711
-112.0,112,2591.690048
-200.0,200,2593.071968
-102.0,102,2593.756862
-180.0,180,2594.984687
-104.0,104,2595.759311
-200.0,200,2597.008084
-200.0,200,2598.380787
-200.0,200,2599.758745
-189.0,189,2601.123573
-101.0,101,2601.928122
-149.0,149,2602.929694
-200.0,200,2604.247611
-200.0,200,2605.722527
-98.0,98,2606.349347
-200.0,200,2607.666649
-200.0,200,2609.144009
-200.0,200,2610.5638
-200.0,200,2611.956192
-200.0,200,2613.46091
-173.0,173,2614.725392
-92.0,92,2615.564708
-105.0,105,2616.397182
-132.0,132,2617.367354
-168.0,168,2618.652755
-91.0,91,2619.257498
-200.0,200,2620.558592
-189.0,189,2621.828573
-199.0,199,2623.257934
-116.0,116,2624.16662
-175.0,175,2625.551108
-200.0,200,2627.033846
-161.0,161,2628.24425
-98.0,98,2629.01259
-177.0,177,2630.315021
-172.0,172,2631.401429
-163.0,163,2632.642802
-167.0,167,2633.767562
-176.0,176,2634.969702
-164.0,164,2636.038686
-163.0,163,2637.17793
-180.0,180,2638.412026
-146.0,146,2639.464463
-92.0,92,2640.128371
-184.0,184,2641.217967
-88.0,88,2641.767447
-169.0,169,2642.808432
-102.0,102,2643.7093
-175.0,175,2644.979133
-164.0,164,2645.97623
-162.0,162,2647.05225
-160.0,160,2648.140604
-163.0,163,2649.2993
-163.0,163,2650.712476
-200.0,200,2652.419834
-168.0,168,2653.723097
-161.0,161,2654.930786
-177.0,177,2656.273739
-157.0,157,2657.773192
-90.0,90,2658.348868
-155.0,155,2659.491777
-159.0,159,2660.683848
-163.0,163,2662.110888
-97.0,97,2662.788614
-172.0,172,2664.036015
-161.0,161,2665.09125
-151.0,151,2666.233392
-127.0,127,2667.160667
-162.0,162,2668.350448
-162.0,162,2669.570307
-170.0,170,2671.947922
-91.0,91,2672.437463
-86.0,86,2673.030246
-180.0,180,2674.157987
-88.0,88,2674.732049
-93.0,93,2675.215219
-92.0,92,2675.853729
-168.0,168,2676.937665
-86.0,86,2677.590107
-157.0,157,2678.658219
-169.0,169,2679.814005
-94.0,94,2680.498293
-159.0,159,2681.620703
-105.0,105,2682.327348
-165.0,165,2683.532133
-200.0,200,2685.191796
-152.0,152,2686.370384
-149.0,149,2687.66787
-168.0,168,2689.084975
-156.0,156,2690.403971
-158.0,158,2691.663996
-155.0,155,2692.866367
-150.0,150,2693.986109
-166.0,166,2695.278372
-124.0,124,2696.080211
-158.0,158,2697.303114
-89.0,89,2698.406488
-165.0,165,2699.811406
-178.0,178,2701.418496
-167.0,167,2702.945198
-157.0,157,2704.294908
-93.0,93,2705.038858
-151.0,151,2706.21385
-162.0,162,2707.568034
-152.0,152,2708.829474
-153.0,153,2710.146972
-164.0,164,2711.519615
-124.0,124,2712.594413
-163.0,163,2713.946785
-122.0,122,2714.876022
-122.0,122,2715.857124
-126.0,126,2716.839336
-155.0,155,2717.940771
-122.0,122,2718.913931
-176.0,176,2720.378525
-120.0,120,2721.134997
-184.0,184,2722.492599
-87.0,87,2723.148137
-91.0,91,2723.893713
-110.0,110,2724.658929
-114.0,114,2725.52257
-95.0,95,2726.271234
-118.0,118,2727.236827
-128.0,128,2728.211184
-124.0,124,2729.239624
-119.0,119,2730.11238
-129.0,129,2731.338774
-119.0,119,2732.212389
-123.0,123,2733.293134
-124.0,124,2734.227277
-112.0,112,2735.107946
-121.0,121,2736.090809
-131.0,131,2737.030293
-173.0,173,2738.276091
-92.0,92,2738.972505
-118.0,118,2739.697753
-126.0,126,2740.52619
-103.0,103,2741.217183
-124.0,124,2742.151575
-123.0,123,2743.097347
-131.0,131,2744.044873
-135.0,135,2745.137917
-127.0,127,2746.02553
-93.0,93,2746.679272
-127.0,127,2747.601935
-123.0,123,2748.46332
-121.0,121,2749.322707
-122.0,122,2750.343191
-153.0,153,2751.421557
-118.0,118,2752.147088
-153.0,153,2753.103435
-93.0,93,2753.660496
-98.0,98,2754.298239
-153.0,153,2755.308783
-95.0,95,2755.993384
-180.0,180,2757.237746
-159.0,159,2758.414454
-156.0,156,2759.475847
-152.0,152,2760.596711
-99.0,99,2761.300398
-152.0,152,2762.274154
-110.0,110,2763.022894
-184.0,184,2764.300725
-92.0,92,2765.00804
-156.0,156,2766.238112
-191.0,191,2767.699349
-186.0,186,2769.243586
-154.0,154,2770.505621
-161.0,161,2771.647775
-155.0,155,2772.778816
-164.0,164,2773.960937
-83.0,83,2774.456669
-161.0,161,2775.699173
-161.0,161,2776.799379
-93.0,93,2777.426344
-163.0,163,2778.621782
-166.0,166,2779.895068
-109.0,109,2780.698745
-158.0,158,2781.743035
-155.0,155,2782.96487
-155.0,155,2784.157392
-111.0,111,2784.804624
-86.0,86,2785.545982
-164.0,164,2786.654565
-161.0,161,2787.96598
-166.0,166,2789.155373
-191.0,191,2790.498531
-159.0,159,2791.757809
-170.0,170,2792.945039
-158.0,158,2793.911495
-157.0,157,2794.895164
-159.0,159,2796.064602
-98.0,98,2796.775017
-177.0,177,2797.818774
-103.0,103,2798.604939
-154.0,154,2799.650744
-200.0,200,2801.038317
-173.0,173,2802.275529
-93.0,93,2802.867221
-90.0,90,2803.514202
-161.0,161,2804.534465
-91.0,91,2805.205296
-154.0,154,2806.325435
-161.0,161,2807.553146
-158.0,158,2808.680453
-159.0,159,2809.973884
-104.0,104,2810.656684
-155.0,155,2811.693394
-174.0,174,2812.976109
-160.0,160,2814.101825
-157.0,157,2815.212101
-156.0,156,2816.3069
-94.0,94,2817.033079
-163.0,163,2818.281149
-85.0,85,2818.817692
-177.0,177,2820.147069
-107.0,107,2820.89212
-200.0,200,2822.175335
-200.0,200,2823.570136
-182.0,182,2824.929779
-172.0,172,2826.140203
-102.0,102,2826.941811
-165.0,165,2828.266109
-169.0,169,2829.435202
-157.0,157,2830.637192
-156.0,156,2831.734501
-173.0,173,2832.955039
-123.0,123,2833.568644
-137.0,137,2834.461183
-146.0,146,2835.489589
-123.0,123,2836.323511
-172.0,172,2837.586282
-200.0,200,2839.112801
-200.0,200,2840.677957
-200.0,200,2842.065513
-200.0,200,2843.539786
-169.0,169,2844.702527
-132.0,132,2845.635919
-165.0,165,2846.690655
-126.0,126,2847.565986
-200.0,200,2848.796831
-200.0,200,2850.106413
-189.0,189,2851.437969
-200.0,200,2852.788362
-166.0,166,2853.982481
-130.0,130,2856.320644
-179.0,179,2857.639277
-175.0,175,2858.870531
-200.0,200,2860.142126
-126.0,126,2861.187874
-129.0,129,2862.123268
-175.0,175,2863.510083
-121.0,121,2864.338055
-137.0,137,2865.316368
-123.0,123,2866.287322
-126.0,126,2867.266587
-127.0,127,2868.212323
-126.0,126,2869.159975
-125.0,125,2870.02293
-136.0,136,2870.978215
-177.0,177,2872.073655
-128.0,128,2872.900026
-173.0,173,2874.195444
-128.0,128,2875.138324
-126.0,126,2875.944449
-130.0,130,2876.799827
-126.0,126,2877.739401
-127.0,127,2878.583014
-109.0,109,2879.328807
-142.0,142,2880.301006
-176.0,176,2881.556008
-176.0,176,2882.79145
-200.0,200,2884.31528
-149.0,149,2885.597362
-126.0,126,2886.509429
-176.0,176,2887.886523
-200.0,200,2889.343874
-200.0,200,2890.710376
-153.0,153,2891.863666
-125.0,125,2892.680481
-200.0,200,2894.088152
-136.0,136,2894.905593
-125.0,125,2895.887082
-147.0,147,2896.941609
-128.0,128,2897.768421
-200.0,200,2899.306731
-181.0,181,2900.45463
-179.0,179,2901.787543
-179.0,179,2903.113484
-183.0,183,2904.492778
-171.0,171,2905.612948
-175.0,175,2906.987637
-130.0,130,2907.940593
-200.0,200,2909.387521
-200.0,200,2910.747176
-131.0,131,2911.551436
-165.0,165,2912.713888
-178.0,178,2914.092205
-121.0,121,2914.842949
-132.0,132,2915.685804
-173.0,173,2916.844745
-160.0,160,2918.096699
-119.0,119,2918.823714
-129.0,129,2919.639472
-182.0,182,2921.109277
-158.0,158,2922.358863
-164.0,164,2923.589529
-132.0,132,2924.598541
-133.0,133,2925.582556
-161.0,161,2926.749598
-136.0,136,2927.639662
-172.0,172,2928.861572
-128.0,128,2929.813219
-179.0,179,2930.936574
-157.0,157,2932.048987
-137.0,137,2933.023523
-178.0,178,2934.273288
-127.0,127,2935.426154
-96.0,96,2936.20694
-121.0,121,2937.206951
-129.0,129,2938.108855
-200.0,200,2939.467742
-200.0,200,2940.835943
-200.0,200,2942.107006
-93.0,93,2942.843718
-124.0,124,2943.863997
-200.0,200,2945.266808
-167.0,167,2946.425492
-85.0,85,2946.971755
-89.0,89,2947.652384
-102.0,102,2948.287607
-200.0,200,2949.659428
-155.0,155,2950.899026
-200.0,200,2952.154677
-200.0,200,2953.474004
-200.0,200,2955.063519
-200.0,200,2956.527081
-184.0,184,2957.969399
-200.0,200,2959.279109
-200.0,200,2960.548544
-93.0,93,2961.319795
-200.0,200,2962.703377
-159.0,159,2963.883144
-116.0,116,2964.609779
-84.0,84,2965.141092
-100.0,100,2965.84762
-200.0,200,2967.17321
-200.0,200,2968.641643
-200.0,200,2970.242987
-200.0,200,2971.695507
-86.0,86,2972.319076
-91.0,91,2973.025522
-164.0,164,2974.296612
-200.0,200,2975.772227
-200.0,200,2977.261685
-200.0,200,2978.75778
-163.0,163,2979.932059
-166.0,166,2981.197359
-92.0,92,2981.815555
-89.0,89,2982.392218
-200.0,200,2983.952929
-97.0,97,2984.721068
-85.0,85,2985.286606
-163.0,163,2986.457388
-97.0,97,2987.069612
-86.0,86,2987.668602
-162.0,162,2988.9796
-200.0,200,2990.374635
-111.0,111,2991.121919
-104.0,104,2991.718738
-200.0,200,2993.082897
-90.0,90,2993.764086
-96.0,96,2994.449586
-164.0,164,2995.684241
-102.0,102,2996.448468
-167.0,167,2997.546165
-109.0,109,2998.313063
-200.0,200,2999.924896
-191.0,191,3001.303277
-159.0,159,3002.644066
-151.0,151,3004.077744
-160.0,160,3005.371455
-85.0,85,3005.927281
-156.0,156,3007.87965
-149.0,149,3009.051185
-166.0,166,3010.34222
-179.0,179,3011.846417
-98.0,98,3012.680431
-175.0,175,3013.900058
-163.0,163,3015.440302
-178.0,178,3016.966763
-187.0,187,3018.435867
-168.0,168,3019.784255
-159.0,159,3021.129394
-161.0,161,3022.220091
-163.0,163,3023.53109
-165.0,165,3024.732978
-162.0,162,3026.018568
-182.0,182,3027.308686
-95.0,95,3028.066835
-110.0,110,3028.91732
-159.0,159,3030.066479
-112.0,112,3031.050294
-187.0,187,3032.567028
-88.0,88,3033.212333
-154.0,154,3034.367579
-159.0,159,3035.553471
-93.0,93,3036.275673
-160.0,160,3037.39806
-154.0,154,3038.640337
-96.0,96,3040.346684
-160.0,160,3041.557402
-157.0,157,3042.726046
-157.0,157,3044.009741
-160.0,160,3045.181649
-158.0,158,3046.407742
-163.0,163,3047.667938
-153.0,153,3048.915001
-91.0,91,3049.510749
-90.0,90,3050.0954
-176.0,176,3051.438319
-159.0,159,3052.659159
-164.0,164,3054.205788
-156.0,156,3055.356422
-156.0,156,3056.746949
-166.0,166,3058.098138
-90.0,90,3058.826637
-169.0,169,3060.254224
-111.0,111,3061.007287
-156.0,156,3062.147874
-160.0,160,3063.191117
-106.0,106,3063.965846
-93.0,93,3064.549608
-156.0,156,3065.744132
-159.0,159,3066.877507
-200.0,200,3068.31866
-192.0,192,3069.785148
-161.0,161,3071.498478
-163.0,163,3072.785284
-132.0,132,3073.820576
-164.0,164,3074.964451
-161.0,161,3076.316303
-164.0,164,3077.620618
-161.0,161,3078.789361
-157.0,157,3079.989461
-91.0,91,3080.716365
-200.0,200,3082.295649
-99.0,99,3083.095432
-88.0,88,3083.800936
-167.0,167,3085.048635
-124.0,124,3085.917599
-94.0,94,3086.727442
-200.0,200,3088.369678
-161.0,161,3089.52314
-156.0,156,3090.717469
-200.0,200,3092.136066
-95.0,95,3092.735294
-156.0,156,3093.823753
-200.0,200,3095.262125
-162.0,162,3096.545231
-191.0,191,3097.910406
-157.0,157,3099.091206
-109.0,109,3099.762418
-87.0,87,3100.366168
-168.0,168,3101.499204
-200.0,200,3102.848575
-200.0,200,3104.269752
-200.0,200,3105.889141
-157.0,157,3107.056036
-159.0,159,3108.2602
-200.0,200,3109.936654
-200.0,200,3111.412421
-87.0,87,3112.100085
-200.0,200,3113.568762
-156.0,156,3114.613425
-90.0,90,3115.172172
-102.0,102,3115.760033
-200.0,200,3117.156284
-200.0,200,3118.734156
-103.0,103,3119.597658
-182.0,182,3121.047252
-160.0,160,3122.072165
-200.0,200,3123.601641
-154.0,154,3124.666254
-200.0,200,3126.201547
-200.0,200,3127.692243
-96.0,96,3128.44649
-99.0,99,3129.182786
-200.0,200,3130.773107
-153.0,153,3131.94955
-200.0,200,3133.511572
-153.0,153,3134.540238
-160.0,160,3135.690785
-97.0,97,3136.330001
-91.0,91,3136.8613
-101.0,101,3137.500559
-200.0,200,3138.963655
-112.0,112,3139.761705
-85.0,85,3140.218147
-93.0,93,3140.790528
-200.0,200,3142.097574
-89.0,89,3142.769715
-157.0,157,3143.75032
-87.0,87,3144.214543
-150.0,150,3145.333345
-200.0,200,3146.718396
-157.0,157,3148.048725
-200.0,200,3149.449831
-88.0,88,3150.037606
-150.0,150,3151.194264
-200.0,200,3152.653342
-153.0,153,3153.593068
-172.0,172,3154.998368
-88.0,88,3155.763865
-100.0,100,3156.467951
-200.0,200,3157.85768
-156.0,156,3158.955618
-106.0,106,3159.761963
-98.0,98,3160.55826
-200.0,200,3161.998589
-154.0,154,3163.162767
-93.0,93,3163.853447
-104.0,104,3164.53758
-97.0,97,3165.190225
-150.0,150,3166.423195
-95.0,95,3167.162607
-200.0,200,3168.46202
-174.0,174,3169.770233
-155.0,155,3170.968648
-155.0,155,3172.121884
-156.0,156,3173.395287
-154.0,154,3174.599729
-157.0,157,3175.570816
-198.0,198,3176.870138
-100.0,100,3177.587585
-182.0,182,3178.822372
-179.0,179,3179.923298
-164.0,164,3181.238134
-200.0,200,3182.417513
-114.0,114,3183.111304
-176.0,176,3184.573687
-200.0,200,3186.089163
-169.0,169,3187.359314
-100.0,100,3188.127146
-93.0,93,3189.023282
-200.0,200,3190.644615
-95.0,95,3191.353704
-165.0,165,3192.667552
-200.0,200,3194.4534
-200.0,200,3195.866348
-200.0,200,3197.345317
-167.0,167,3198.651941
-200.0,200,3200.160545
-151.0,151,3201.275598
-172.0,172,3202.747971
-164.0,164,3204.099813
-161.0,161,3205.304073
-95.0,95,3205.994092
-122.0,122,3206.84783
-160.0,160,3208.200011
-110.0,110,3209.083903
-95.0,95,3209.800578
-163.0,163,3211.101089
-95.0,95,3211.866576
-154.0,154,3212.993781
-158.0,158,3214.12217
-155.0,155,3215.06169
-167.0,167,3216.568597
-166.0,166,3217.659825
-153.0,153,3218.923967
-111.0,111,3219.873563
-94.0,94,3220.639488
-96.0,96,3221.265845
-154.0,154,3222.503589
-113.0,113,3223.268947
-152.0,152,3224.318224
-151.0,151,3225.446654
-123.0,123,3226.434481
-96.0,96,3228.613334
-200.0,200,3230.013201
-146.0,146,3231.310583
-97.0,97,3232.079345
-164.0,164,3233.31788
-122.0,122,3234.212995
-99.0,99,3234.859989
-149.0,149,3236.196837
-156.0,156,3237.335598
-158.0,158,3238.579804
-158.0,158,3239.952081
-148.0,148,3241.020217
-161.0,161,3242.160488
-112.0,112,3243.086638
-119.0,119,3244.144163
-114.0,114,3244.864703
-118.0,118,3245.602099
-122.0,122,3246.544943
-170.0,170,3247.758369
-136.0,136,3248.738541
-128.0,128,3249.706144
-118.0,118,3250.646013
-119.0,119,3251.459101
-128.0,128,3252.348954
-143.0,143,3253.276456
-134.0,134,3254.131784
-200.0,200,3255.537261
-128.0,128,3256.349617
-200.0,200,3257.885106
-147.0,147,3259.085775
-145.0,145,3260.155487
-151.0,151,3261.120864
-156.0,156,3262.157967
-148.0,148,3263.031283
-135.0,135,3263.861395
-137.0,137,3264.832958
-124.0,124,3265.635804
-200.0,200,3266.928503
-125.0,125,3267.714183
-159.0,159,3268.835389
-171.0,171,3270.099272
-200.0,200,3271.4377
-137.0,137,3272.290204
-168.0,168,3273.422944
-147.0,147,3274.476469
-140.0,140,3275.499959
-183.0,183,3276.935277
-162.0,162,3277.966068
-129.0,129,3278.943383
-157.0,157,3279.988525
-200.0,200,3281.321078
-200.0,200,3282.914038
-200.0,200,3284.405383
-200.0,200,3285.766368
-200.0,200,3287.044751
-200.0,200,3288.413496
-200.0,200,3289.584905
-200.0,200,3290.880149
-200.0,200,3292.248455
-200.0,200,3293.701762
-179.0,179,3294.876575
-200.0,200,3296.286709
-200.0,200,3297.741309
-200.0,200,3299.080766
-200.0,200,3300.281042
-200.0,200,3301.674026
-181.0,181,3302.799543
-194.0,194,3304.222064
-191.0,191,3305.489129
-95.0,95,3306.103742
-85.0,85,3306.746893
-173.0,173,3307.868141
-200.0,200,3309.131636
-185.0,185,3310.464401
-152.0,152,3311.499803
-189.0,189,3313.001378
-90.0,90,3313.587219
-168.0,168,3314.793875
-88.0,88,3315.510376
-118.0,118,3316.383902
-89.0,89,3317.301887
-132.0,132,3318.253441
-84.0,84,3319.360626
-152.0,152,3320.54043
-155.0,155,3321.748546
-84.0,84,3322.39559
-157.0,157,3323.663712
-169.0,169,3325.023721
-157.0,157,3326.467331
-114.0,114,3327.481555
-84.0,84,3328.058756
-88.0,88,3328.757373
-96.0,96,3329.475435
-85.0,85,3330.101665
-87.0,87,3330.967297
-150.0,150,3332.483513
-155.0,155,3333.799994
-93.0,93,3334.64974
-174.0,174,3336.154357
-120.0,120,3336.98319
-182.0,182,3338.433499
-89.0,89,3339.051358
-96.0,96,3339.815335
-95.0,95,3340.678483
-178.0,178,3341.946683
-117.0,117,3342.773652
-88.0,88,3343.330302
-106.0,106,3344.172412
-152.0,152,3345.185974
-159.0,159,3346.297571
-101.0,101,3346.949742
-163.0,163,3348.152292
-95.0,95,3349.00086
-124.0,124,3350.113358
-157.0,157,3351.308932
-102.0,102,3352.172179
-162.0,162,3353.466678
-126.0,126,3354.405753
-153.0,153,3355.414519
-84.0,84,3356.084678
-150.0,150,3357.110591
-151.0,151,3358.181718
-200.0,200,3359.52688
-152.0,152,3360.617769
-152.0,152,3361.745603
-126.0,126,3362.519752
-89.0,89,3363.12603
-149.0,149,3364.172558
-200.0,200,3365.439042
-114.0,114,3366.193239
-149.0,149,3367.252573
-116.0,116,3367.967798
-86.0,86,3368.652433
-115.0,115,3369.385076
-94.0,94,3369.917087
-110.0,110,3370.662867
-123.0,123,3371.548943
-116.0,116,3372.273997
-150.0,150,3373.455089
-152.0,152,3374.496314
-83.0,83,3375.125919
-116.0,116,3375.938206
-112.0,112,3376.707767
-93.0,93,3377.316265
-115.0,115,3378.096958
-87.0,87,3378.605318
-112.0,112,3379.203221
-115.0,115,3379.968301
-113.0,113,3380.820613
-155.0,155,3381.893362
-116.0,116,3382.686347
-115.0,115,3383.491091
-87.0,87,3384.039853
-115.0,115,3384.735945
-150.0,150,3385.62082
-147.0,147,3386.697544
-100.0,100,3387.365412
-116.0,116,3388.074012
-115.0,115,3388.77149
-116.0,116,3389.572411
-111.0,111,3390.345444
-149.0,149,3391.386723
-187.0,187,3392.607633
-171.0,171,3393.98536
-88.0,88,3394.627831
-114.0,114,3395.280974
-117.0,117,3396.257563
-153.0,153,3397.599122
-122.0,122,3398.471544
-113.0,113,3399.046792
-114.0,114,3399.724426
-115.0,115,3400.466644
-110.0,110,3401.196824
-116.0,116,3402.09537
-96.0,96,3402.632378
-112.0,112,3403.398379
-113.0,113,3404.164844
-112.0,112,3405.0378
-112.0,112,3405.702309
-158.0,158,3406.756746
-114.0,114,3408.591898
-114.0,114,3409.602182
-116.0,116,3410.553789
-83.0,83,3411.223773
-149.0,149,3412.398752
-112.0,112,3413.25086
-116.0,116,3414.00708
-152.0,152,3415.183105
-118.0,118,3416.112179
-94.0,94,3416.896955
-109.0,109,3417.809477
-151.0,151,3419.236422
-112.0,112,3420.051129
-119.0,119,3421.038008
-109.0,109,3421.752802
-114.0,114,3422.530308
-111.0,111,3423.299352
-109.0,109,3424.105265
-115.0,115,3424.758413
-109.0,109,3425.440255
-115.0,115,3426.135492
-115.0,115,3427.03485
-109.0,109,3427.777276
-86.0,86,3428.427612
-118.0,118,3429.192594
-115.0,115,3430.052387
-111.0,111,3430.902269
-109.0,109,3431.596957
-84.0,84,3432.289514
-118.0,118,3433.308532
-109.0,109,3433.971373
-107.0,107,3434.784457
-110.0,110,3435.508058
-110.0,110,3436.229898
-115.0,115,3437.159469
-118.0,118,3438.163571
-113.0,113,3439.132208
-117.0,117,3439.990859
-107.0,107,3440.720531
-113.0,113,3441.604939
-115.0,115,3442.498777
-121.0,121,3443.301811
-119.0,119,3444.196605
-115.0,115,3445.018883
-108.0,108,3445.783722
-115.0,115,3446.552833
-111.0,111,3447.400742
-115.0,115,3448.306334
-113.0,113,3449.143268
-105.0,105,3449.86553
-116.0,116,3450.704644
-111.0,111,3451.558257
-85.0,85,3452.209395
-120.0,120,3453.029459
-114.0,114,3453.846944
-109.0,109,3454.473233
-122.0,122,3455.509152
-119.0,119,3456.357212
-103.0,103,3457.152094
-114.0,114,3458.019087
-107.0,107,3458.790341
-110.0,110,3459.743687
-109.0,109,3460.587387
-85.0,85,3461.132807
-108.0,108,3461.796353
-113.0,113,3462.680146
-109.0,109,3463.402656
-114.0,114,3464.156808
-113.0,113,3465.014733
-86.0,86,3465.603521
-117.0,117,3466.368791
-84.0,84,3466.844474
-113.0,113,3467.73542
-119.0,119,3468.584579
-110.0,110,3469.441903
-118.0,118,3470.26982
-112.0,112,3471.238445
-90.0,90,3471.809985
-101.0,101,3472.497267
-107.0,107,3473.309482
-116.0,116,3474.020789
-86.0,86,3474.63321
-111.0,111,3475.289229
-107.0,107,3476.137367
-113.0,113,3476.927357
-109.0,109,3477.646281
-108.0,108,3478.406354
-110.0,110,3479.083879
-107.0,107,3479.708052
-85.0,85,3480.309343
-113.0,113,3480.950404
-104.0,104,3481.712316
-104.0,104,3482.425024
-112.0,112,3483.222121
-105.0,105,3483.985607
-113.0,113,3484.856393
-108.0,108,3485.580578
-114.0,114,3486.447344
-106.0,106,3487.017172
-103.0,103,3487.719104
-106.0,106,3488.409947
-107.0,107,3489.225082
-106.0,106,3489.919487
-105.0,105,3490.729141
-87.0,87,3491.30825
-90.0,90,3491.978422
-105.0,105,3492.716641
-89.0,89,3493.42825
-103.0,103,3494.034447
-86.0,86,3494.662642
-86.0,86,3495.281348
-109.0,109,3496.105399
-101.0,101,3496.996654
-103.0,103,3497.801718
-103.0,103,3498.654167
-104.0,104,3499.398554
-110.0,110,3500.08385
-85.0,85,3500.652508
-84.0,84,3501.303226
-103.0,103,3502.036187
-111.0,111,3502.872684
-88.0,88,3503.616921
-104.0,104,3504.269351
-87.0,87,3504.952787
-113.0,113,3505.863405
-103.0,103,3506.647214
-105.0,105,3507.452994
-90.0,90,3508.105709
-110.0,110,3508.841456
-86.0,86,3509.467319
-105.0,105,3510.243571
-109.0,109,3511.059729
-109.0,109,3511.907976
-109.0,109,3512.673277
-104.0,104,3513.408699
-106.0,106,3514.239942
-85.0,85,3514.944615
-113.0,113,3515.743758
-108.0,108,3516.485637
-111.0,111,3517.392075
-112.0,112,3518.4299
-115.0,115,3519.265178
-115.0,115,3520.199614
-91.0,91,3520.862724
-122.0,122,3521.948013
-111.0,111,3522.749455
-113.0,113,3523.670086
-159.0,159,3524.808716
-111.0,111,3525.645529
-111.0,111,3526.395721
-113.0,113,3527.100557
-114.0,114,3527.940475
-109.0,109,3528.54519
-181.0,181,3529.88156
-164.0,164,3531.013329
-170.0,170,3532.187724
-112.0,112,3532.951047
-114.0,114,3533.728104
-111.0,111,3534.528864
-87.0,87,3535.09796
-95.0,95,3535.665796
-141.0,141,3536.580026
-115.0,115,3537.365843
-169.0,169,3538.422531
-112.0,112,3539.188122
-112.0,112,3539.9088
-112.0,112,3540.700542
-85.0,85,3541.205318
-110.0,110,3541.981589
-86.0,86,3542.514798
-113.0,113,3543.418275
-112.0,112,3544.210386
-110.0,110,3544.768193
-99.0,99,3545.497181
-142.0,142,3546.471719
-150.0,150,3547.639605
-114.0,114,3548.429531
-115.0,115,3549.106094
-112.0,112,3549.892811
-110.0,110,3550.509345
-118.0,118,3551.24761
-161.0,161,3552.31195
-89.0,89,3552.986239
-128.0,128,3553.891228
-112.0,112,3554.613413
-157.0,157,3555.834038
-84.0,84,3556.390024
-90.0,90,3557.022039
-90.0,90,3557.783572
-88.0,88,3558.424786
-114.0,114,3559.229648
-159.0,159,3560.370938
-115.0,115,3561.107322
-91.0,91,3561.750488
-121.0,121,3562.598023
-114.0,114,3563.375888
-117.0,117,3564.150501
-164.0,164,3565.253775
-96.0,96,3565.896621
-200.0,200,3567.304099
-118.0,118,3568.062212
-118.0,118,3568.869192
-114.0,114,3569.631327
-200.0,200,3571.063825
-115.0,115,3571.847518
-200.0,200,3573.225646
-162.0,162,3574.542593
-123.0,123,3575.275512
-182.0,182,3576.504151
-95.0,95,3577.186372
-200.0,200,3578.460593
-189.0,189,3579.814476
-111.0,111,3580.438598
-199.0,199,3581.591932
-181.0,181,3582.79716
-93.0,93,3583.482521
-124.0,124,3584.309903
-117.0,117,3585.169132
-86.0,86,3585.774814
-121.0,121,3586.633436
-85.0,85,3588.573369
-87.0,87,3589.090693
-85.0,85,3589.59093
-200.0,200,3591.032468
-200.0,200,3592.431949
-88.0,88,3593.023268
-93.0,93,3593.624497
-87.0,87,3594.199506
-191.0,191,3595.775538
-200.0,200,3597.27535
-200.0,200,3598.698474
-200.0,200,3600.240463
-110.0,110,3600.948439
-200.0,200,3602.356384
-200.0,200,3603.610139
-200.0,200,3605.04197
-200.0,200,3606.501905
-89.0,89,3607.210938
-109.0,109,3607.984129
-96.0,96,3608.593599
-93.0,93,3609.159816
-162.0,162,3610.136916
-96.0,96,3610.779153
-87.0,87,3611.380793
-85.0,85,3611.979156
-200.0,200,3613.443976
-200.0,200,3614.708964
-91.0,91,3615.29128
-89.0,89,3615.82993
-123.0,123,3616.611419
-97.0,97,3617.222409
-97.0,97,3617.919042
-167.0,167,3619.066238
-84.0,84,3619.632644
-112.0,112,3620.2657
-181.0,181,3621.397855
-200.0,200,3622.665992
-86.0,86,3623.156714
-200.0,200,3624.675662
-107.0,107,3625.430358
-200.0,200,3626.800318
-117.0,117,3627.655737
-159.0,159,3629.406971
-200.0,200,3631.193074
-95.0,95,3631.922202
-114.0,114,3632.722083
-119.0,119,3633.745535
-200.0,200,3635.480576
-105.0,105,3636.334218
-129.0,129,3637.50992
-116.0,116,3638.51099
-178.0,178,3639.904821
-181.0,181,3641.423688
-154.0,154,3642.763642
-118.0,118,3643.660357
-200.0,200,3645.225226
-200.0,200,3646.751227
-193.0,193,3648.165854
-94.0,94,3648.797351
-123.0,123,3649.764826
-88.0,88,3650.464612
-200.0,200,3651.967327
-121.0,121,3652.796846
-200.0,200,3654.392318
-99.0,99,3655.015353
-84.0,84,3655.535414
-121.0,121,3656.354383
-200.0,200,3657.762383
-112.0,112,3658.493399
-200.0,200,3659.889778
-97.0,97,3660.64071
-123.0,123,3661.465448
-125.0,125,3662.286069
-88.0,88,3662.903172
-114.0,114,3663.667339
-200.0,200,3665.206361
-118.0,118,3665.943807
-200.0,200,3667.30283
-200.0,200,3668.758471
-92.0,92,3669.379505
-120.0,120,3670.154473
-85.0,85,3670.781329
-200.0,200,3672.139838
-200.0,200,3673.436044
-89.0,89,3674.001142
-100.0,100,3674.942423
-90.0,90,3675.676441
-86.0,86,3676.218365
-110.0,110,3676.99641
-200.0,200,3678.462875
-155.0,155,3679.430428
-99.0,99,3680.155872
-142.0,142,3681.115847
-119.0,119,3681.964699
-98.0,98,3682.601516
-200.0,200,3684.02519
-200.0,200,3685.520104
-200.0,200,3687.022508
-200.0,200,3688.279917
-200.0,200,3689.735853
-90.0,90,3690.293255
-200.0,200,3691.478363
-89.0,89,3692.021523
-200.0,200,3693.530381
-152.0,152,3694.597023
-200.0,200,3696.037772
-106.0,106,3696.686109
-200.0,200,3697.960864
-200.0,200,3699.090605
-200.0,200,3700.594069
-117.0,117,3701.303532
-109.0,109,3702.216246
-145.0,145,3703.186532
-131.0,131,3703.89823
-108.0,108,3704.611367
-200.0,200,3706.097191
-120.0,120,3706.893697
-114.0,114,3707.679889
-92.0,92,3708.294949
-158.0,158,3709.347929
-171.0,171,3710.370829
-122.0,122,3711.157863
-94.0,94,3711.668058
-190.0,190,3712.766541
-117.0,117,3713.421892
-89.0,89,3713.934213
-88.0,88,3714.394221
-168.0,168,3715.306916
-193.0,193,3716.384094
-127.0,127,3717.26644
-200.0,200,3718.639752
-194.0,194,3719.87424
-101.0,101,3720.615119
-182.0,182,3721.705987
-141.0,141,3722.711757
-200.0,200,3723.946638
-94.0,94,3724.543851
-144.0,144,3725.309741
-101.0,101,3725.956163
-127.0,127,3726.776389
-87.0,87,3727.484352
-200.0,200,3728.852078
-179.0,179,3730.366426
-156.0,156,3731.578946
-92.0,92,3732.258239
-131.0,131,3733.226249
-91.0,91,3733.91701
-89.0,89,3734.419448
-131.0,131,3735.233711
-185.0,185,3736.586949
-130.0,130,3737.334107
-157.0,157,3738.454682
-134.0,134,3739.508327
-190.0,190,3740.73886
-122.0,122,3741.458543
-149.0,149,3742.394505
-129.0,129,3743.172401
-200.0,200,3744.575325
-115.0,115,3745.382775
-155.0,155,3746.460578
-200.0,200,3748.027535
-144.0,144,3749.06307
-151.0,151,3750.290544
-98.0,98,3750.917956
-120.0,120,3751.711911
-118.0,118,3752.493255
-89.0,89,3753.013271
-133.0,133,3754.05705
-89.0,89,3754.727887
-165.0,165,3755.859203
-157.0,157,3756.88254
-91.0,91,3757.368314
-89.0,89,3758.075176
-91.0,91,3758.629491
-124.0,124,3759.349055
-151.0,151,3760.438476
-177.0,177,3761.531156
-88.0,88,3763.02523
-163.0,163,3764.112179
-191.0,191,3765.472863
-118.0,118,3766.278582
-97.0,97,3767.05864
-175.0,175,3768.244203
-154.0,154,3769.407811
-188.0,188,3770.808707
-154.0,154,3771.949742
-155.0,155,3772.889553
-88.0,88,3773.469936
-151.0,151,3774.776223
-155.0,155,3776.059156
-91.0,91,3776.584252
-168.0,168,3777.990065
-200.0,200,3779.449902
-133.0,133,3780.507539
-87.0,87,3781.045901
-200.0,200,3782.43242
-135.0,135,3783.325341
-176.0,176,3784.416933
-87.0,87,3784.962799
-119.0,119,3785.815882
-155.0,155,3786.781421
-140.0,140,3787.749221
-180.0,180,3789.035944
-186.0,186,3790.287388
-145.0,145,3791.30305
-100.0,100,3791.925437
-107.0,107,3792.602431
-188.0,188,3793.862233
-145.0,145,3794.799602
-170.0,170,3795.850624
-177.0,177,3796.883907
-173.0,173,3798.098376
-121.0,121,3798.998555
-88.0,88,3799.6767
-122.0,122,3800.384396
-160.0,160,3801.539438
-148.0,148,3802.598266
-89.0,89,3803.216686
-147.0,147,3804.280755
-153.0,153,3805.386058
-117.0,117,3806.110291
-124.0,124,3807.013941
-97.0,97,3807.703406
-88.0,88,3808.502429
-151.0,151,3809.534534
-102.0,102,3810.283323
-84.0,84,3811.007254
-118.0,118,3811.862769
-146.0,146,3813.008188
-120.0,120,3813.920902
-144.0,144,3814.905402
-155.0,155,3815.987148
-142.0,142,3816.953476
-156.0,156,3817.907443
-154.0,154,3818.980371
-148.0,148,3819.985104
-89.0,89,3820.537585
-88.0,88,3821.106202
-113.0,113,3821.76551
-144.0,144,3822.699646
-150.0,150,3823.592991
-149.0,149,3824.683832
-106.0,106,3825.352093
-151.0,151,3826.357649
-154.0,154,3827.582599
-86.0,86,3828.155772
-92.0,92,3828.80522
-88.0,88,3829.486172
-148.0,148,3830.249039
-153.0,153,3831.330885
-152.0,152,3832.359641
-158.0,158,3833.327214
-119.0,119,3834.260659
-86.0,86,3834.838759
-154.0,154,3836.025314
-84.0,84,3836.571635
-117.0,117,3837.230277
-111.0,111,3837.911524
-152.0,152,3838.961184
-107.0,107,3839.64401
-200.0,200,3840.958323
-88.0,88,3841.522901
-98.0,98,3842.205286
-100.0,100,3842.982143
-91.0,91,3843.676799
-182.0,182,3844.854243
-152.0,152,3845.951123
-113.0,113,3846.668472
-91.0,91,3847.322866
-156.0,156,3848.270304
-89.0,89,3848.891037
-94.0,94,3849.476583
-98.0,98,3850.195266
-149.0,149,3851.223067
-154.0,154,3852.262728
-84.0,84,3852.955508
-144.0,144,3853.905655
-151.0,151,3854.924687
-88.0,88,3855.529476
-151.0,151,3856.50936
-87.0,87,3857.117171
-150.0,150,3858.18626
-150.0,150,3859.236163
-98.0,98,3859.897036
-178.0,178,3861.091856
-84.0,84,3861.636878
-154.0,154,3862.613118
-151.0,151,3863.687477
-114.0,114,3864.462888
-152.0,152,3865.410822
-178.0,178,3866.651312
-92.0,92,3867.14782
-95.0,95,3867.692684
-144.0,144,3868.642924
-161.0,161,3869.733238
-95.0,95,3870.314928
-95.0,95,3870.901479
-87.0,87,3871.39994
-200.0,200,3872.830702
-106.0,106,3873.531564
-144.0,144,3874.426378
-85.0,85,3874.895855
-145.0,145,3875.973704
-153.0,153,3877.023642
-166.0,166,3878.248468
-199.0,199,3879.669233
-178.0,178,3880.924976
-84.0,84,3881.528481
-146.0,146,3882.539819
-89.0,89,3883.116026
-146.0,146,3884.034688
-93.0,93,3884.713939
-167.0,167,3885.830597
-148.0,148,3886.812999
-122.0,122,3887.638419
-143.0,143,3888.541495
-165.0,165,3889.661109
-130.0,130,3890.494144
-102.0,102,3891.209006
-129.0,129,3892.111233
-156.0,156,3893.304375
-171.0,171,3894.231637
-150.0,150,3895.240094
-148.0,148,3896.224183
-166.0,166,3897.416181
-145.0,145,3898.476434
-165.0,165,3899.505447
-123.0,123,3900.450029
-156.0,156,3901.457972
-86.0,86,3902.095388
-142.0,142,3903.063312
-148.0,148,3904.134344
-147.0,147,3905.018525
-103.0,103,3905.793157
-200.0,200,3907.029439
-146.0,146,3907.948247
-163.0,163,3909.082248
-144.0,144,3910.050362
-111.0,111,3910.80254
-155.0,155,3911.831178
-148.0,148,3912.94687
-149.0,149,3913.964263
-131.0,131,3914.80725
-149.0,149,3915.83936
-200.0,200,3917.16413
-181.0,181,3918.38059
-91.0,91,3919.056928
-190.0,190,3920.318736
-146.0,146,3921.30385
-146.0,146,3922.187572
-135.0,135,3923.09914
-200.0,200,3924.463617
-84.0,84,3924.894639
-94.0,94,3925.419779
-86.0,86,3926.297339
-147.0,147,3927.421321
-128.0,128,3928.36522
-108.0,108,3929.282949
-134.0,134,3930.215764
-200.0,200,3931.936175
-92.0,92,3932.706054
-92.0,92,3933.375749
-200.0,200,3935.762275
-187.0,187,3937.243559
-147.0,147,3938.26734
-126.0,126,3939.238888
-200.0,200,3940.970622
-84.0,84,3941.660493
-128.0,128,3942.640036
-102.0,102,3943.34154
-97.0,97,3944.172449
-200.0,200,3946.07016
-123.0,123,3946.849402
-127.0,127,3947.752241
-131.0,131,3948.72738
-200.0,200,3950.269481
-85.0,85,3950.77607
-97.0,97,3951.527779
-85.0,85,3952.117901
-143.0,143,3953.212304
-85.0,85,3953.805464
-94.0,94,3954.549939
-115.0,115,3955.373099
-200.0,200,3956.763867
-137.0,137,3957.613514
-91.0,91,3958.326501
-96.0,96,3958.861336
-94.0,94,3959.434221
-96.0,96,3960.089844
-92.0,92,3960.697763
-151.0,151,3961.721225
-163.0,163,3962.82662
-121.0,121,3963.572399
-177.0,177,3964.868259
-97.0,97,3965.583164
-90.0,90,3966.162383
-95.0,95,3966.706095
-161.0,161,3967.799016
-96.0,96,3968.521683
-138.0,138,3969.455049
-172.0,172,3970.458774
-118.0,118,3971.354601
-92.0,92,3971.991637
-151.0,151,3972.984824
-130.0,130,3973.881263
-96.0,96,3974.557997
-95.0,95,3975.214095
-173.0,173,3976.410741
-95.0,95,3977.060639
-93.0,93,3977.770189
-176.0,176,3978.854315
-196.0,196,3980.176877
-121.0,121,3981.059917
-123.0,123,3981.961708
-129.0,129,3982.860503
-116.0,116,3983.694329
-184.0,184,3985.026355
-97.0,97,3985.727007
-121.0,121,3986.71053
-123.0,123,3987.459999
-89.0,89,3988.075977
-128.0,128,3988.952185
-117.0,117,3989.786515
-109.0,109,3990.484651
-116.0,116,3991.281761
-118.0,118,3992.017836
-120.0,120,3992.780638
-101.0,101,3993.432159
-89.0,89,3993.973553
-86.0,86,3994.554416
-131.0,131,3995.434771
-92.0,92,3995.907827
-127.0,127,3996.838625
-120.0,120,3997.631356
-87.0,87,3998.150691
-124.0,124,3998.955189
-84.0,84,3999.327329
-157.0,157,4000.291322
-91.0,91,4000.895943
-117.0,117,4001.568597
-93.0,93,4002.101743
-129.0,129,4003.021045
-194.0,194,4004.292526
-184.0,184,4005.604227
-178.0,178,4006.737684
-123.0,123,4007.541172
-152.0,152,4008.583511
-89.0,89,4009.045471
-131.0,131,4009.945899
-138.0,138,4010.750991
-147.0,147,4011.730434
-98.0,98,4012.262032
-183.0,183,4013.369864
-184.0,184,4014.640174
-193.0,193,4015.933709
-122.0,122,4016.776035
-115.0,115,4017.711442
-189.0,189,4018.954364
-198.0,198,4020.216642
-200.0,200,4021.70579
-200.0,200,4023.290177
-83.0,83,4023.891639
-88.0,88,4024.466155
-90.0,90,4025.182795
-93.0,93,4025.931633
-200.0,200,4027.582345
-134.0,134,4028.727614
-137.0,137,4029.805359
-189.0,189,4031.192144
-200.0,200,4032.551673
-98.0,98,4033.320773
-98.0,98,4034.019306
-86.0,86,4034.624309
-90.0,90,4035.348461
-200.0,200,4037.064446
-200.0,200,4038.5365
-200.0,200,4040.02397
-181.0,181,4041.515235
-200.0,200,4043.126787
-94.0,94,4043.827697
-138.0,138,4044.830838
-137.0,137,4045.959822
-85.0,85,4046.59777
-88.0,88,4047.18294
-93.0,93,4047.820016
-87.0,87,4048.492061
-189.0,189,4050.022732
-186.0,186,4051.384817
-175.0,175,4052.699459
-200.0,200,4054.231952
-200.0,200,4055.502092
-155.0,155,4056.673869
-200.0,200,4058.100413
-128.0,128,4058.905816
-200.0,200,4060.408689
-200.0,200,4061.891781
-95.0,95,4062.655232
-162.0,162,4064.042493
-86.0,86,4064.660618
-200.0,200,4066.400093
-200.0,200,4068.058496
-90.0,90,4068.753381
-106.0,106,4069.666169
-200.0,200,4071.47851
-183.0,183,4072.913692
-96.0,96,4073.851462
-87.0,87,4074.541423
-90.0,90,4075.313385
-200.0,200,4077.206022
-200.0,200,4078.829921
-200.0,200,4080.456206
-156.0,156,4081.574635
-200.0,200,4083.043067
-200.0,200,4084.584531
-200.0,200,4086.009525
-179.0,179,4087.320088
-179.0,179,4088.449922
-200.0,200,4089.922881
-200.0,200,4091.387627
-200.0,200,4092.644537
-200.0,200,4093.918928
-200.0,200,4095.315054
-200.0,200,4096.921729
-200.0,200,4098.414532
-200.0,200,4099.901097
-125.0,125,4100.818222
-150.0,150,4102.077048
-200.0,200,4103.286417
-200.0,200,4104.903292
-183.0,183,4106.319659
-178.0,178,4107.60423
-165.0,165,4108.910908
-192.0,192,4110.212257
-200.0,200,4111.593945
-162.0,162,4112.784796
-154.0,154,4113.794675
-92.0,92,4114.374277
-127.0,127,4115.212692
-200.0,200,4117.364553
-200.0,200,4118.719606
-200.0,200,4119.966583
-200.0,200,4121.307021
-95.0,95,4121.840005
-156.0,156,4123.125743
-200.0,200,4124.433023
-124.0,124,4125.198755
-200.0,200,4126.752491
-136.0,136,4127.888423
-183.0,183,4129.380792
-189.0,189,4130.980311
-160.0,160,4132.309819
-158.0,158,4133.544281
-90.0,90,4134.018001
-125.0,125,4134.832016
-193.0,193,4136.438457
-200.0,200,4137.82364
-175.0,175,4139.156354
-196.0,196,4140.743006
-200.0,200,4142.13288
-200.0,200,4143.587184
-151.0,151,4144.580121
-200.0,200,4145.873049
-154.0,154,4147.0325
-189.0,189,4148.500799
-175.0,175,4149.866178
-96.0,96,4150.605766
-200.0,200,4152.017812
-180.0,180,4153.519106
-93.0,93,4154.066931
-161.0,161,4155.232956
-200.0,200,4156.71219
-86.0,86,4157.334536
-184.0,184,4158.753303
-94.0,94,4159.318372
-178.0,178,4160.600172
-200.0,200,4162.174456
-162.0,162,4163.331556
-200.0,200,4164.771961
-155.0,155,4165.8274
-200.0,200,4167.151471
-200.0,200,4168.736055
-194.0,194,4170.068424
-200.0,200,4171.5465
-200.0,200,4172.905135
-140.0,140,4173.909545
-153.0,153,4175.103269
-90.0,90,4175.727715
-200.0,200,4177.043993
-172.0,172,4178.349034
-175.0,175,4179.593809
-173.0,173,4180.713413
-95.0,95,4181.36425
-166.0,166,4182.6079
-200.0,200,4183.843509
-172.0,172,4184.86633
-157.0,157,4185.883319
-196.0,196,4187.232877
-158.0,158,4188.423024
-96.0,96,4189.092765
-184.0,184,4190.484112
-175.0,175,4191.626604
-170.0,170,4192.802703
-193.0,193,4194.17463
-95.0,95,4194.683687
-190.0,190,4195.954754
-178.0,178,4197.162214
-93.0,93,4197.738914
-181.0,181,4198.95752
-171.0,171,4200.135974
-101.0,101,4200.807452
-160.0,160,4201.811254
-157.0,157,4202.881321
-183.0,183,4204.045498
-160.0,160,4205.17209
-179.0,179,4206.50777
-149.0,149,4207.510066
-87.0,87,4208.089424
-86.0,86,4208.604227
-186.0,186,4210.020351
-147.0,147,4211.068762
-161.0,161,4212.113874
-93.0,93,4212.70471
-88.0,88,4213.177538
-161.0,161,4214.290775
-170.0,170,4215.410223
-172.0,172,4216.619956
-159.0,159,4217.642716
-162.0,162,4218.705899
-156.0,156,4219.887838
-180.0,180,4221.101296
-93.0,93,4221.756045
-182.0,182,4222.96987
-178.0,178,4224.113423
-94.0,94,4224.770536
-126.0,126,4226.13112
-191.0,191,4227.543021
-167.0,167,4228.899444
-166.0,166,4230.012569
-179.0,179,4231.352974
-101.0,101,4231.996552
-193.0,193,4233.400036
-200.0,200,4234.882081
-200.0,200,4236.342196
-171.0,171,4237.679572
-164.0,164,4238.99763
-88.0,88,4239.561551
-200.0,200,4241.228991
-200.0,200,4242.885564
-114.0,114,4243.595969
-99.0,99,4244.344802
-200.0,200,4245.791807
-170.0,170,4247.036621
-89.0,89,4247.604553
-178.0,178,4248.935628
-90.0,90,4249.604625
-91.0,91,4250.318547
-104.0,104,4251.164949
-183.0,183,4252.273393
-163.0,163,4253.721096
-200.0,200,4255.059462
-165.0,165,4256.12007
-107.0,107,4256.852688
-98.0,98,4257.463101
-200.0,200,4258.870132
-141.0,141,4259.818619
-183.0,183,4261.16013
-101.0,101,4261.921452
-200.0,200,4263.456419
-183.0,183,4264.957977
-116.0,116,4265.630193
-119.0,119,4266.407387
-194.0,194,4267.92177
-180.0,180,4269.207751
-108.0,108,4269.933609
-200.0,200,4271.290442
-129.0,129,4272.131788
-178.0,178,4273.307799
-164.0,164,4274.42725
-156.0,156,4275.558198
-200.0,200,4276.931892
-88.0,88,4277.554759
-200.0,200,4278.917802
-190.0,190,4280.118498
-92.0,92,4280.652611
-187.0,187,4281.878406
-183.0,183,4283.137174
-159.0,159,4284.277864
-200.0,200,4285.551614
-200.0,200,4286.942187
-151.0,151,4288.009232
-172.0,172,4289.123404
-167.0,167,4290.231865
-175.0,175,4291.44525
-86.0,86,4292.057787
-160.0,160,4292.999538
-93.0,93,4293.602942
-200.0,200,4296.134206
-188.0,188,4297.408109
-163.0,163,4298.536581
-99.0,99,4299.192904
-186.0,186,4300.358926
-180.0,180,4301.501966
-157.0,157,4302.642066
-157.0,157,4303.668069
-138.0,138,4304.650865
-173.0,173,4305.921796
-101.0,101,4306.529709
-86.0,86,4307.193705
-166.0,166,4308.273562
-176.0,176,4309.634959
-166.0,166,4310.641894
-113.0,113,4311.491759
-86.0,86,4312.067694
-181.0,181,4313.461166
-168.0,168,4314.619879
-86.0,86,4315.283468
-181.0,181,4316.528683
-90.0,90,4317.113473
-98.0,98,4317.78928
-174.0,174,4319.082721
-165.0,165,4320.214802
-171.0,171,4321.484815
-168.0,168,4322.668258
-167.0,167,4323.840807
-166.0,166,4325.095894
-194.0,194,4326.48945
-155.0,155,4327.531654
-150.0,150,4328.685443
-200.0,200,4330.140134
-95.0,95,4330.80742
-89.0,89,4331.337273
-90.0,90,4331.940222
-142.0,142,4332.783106
-87.0,87,4333.437063
-88.0,88,4334.037129
-87.0,87,4334.672681
-200.0,200,4336.190592
-200.0,200,4337.61621
-87.0,87,4338.147657
-200.0,200,4339.576387
-162.0,162,4340.664995
-200.0,200,4341.909023
-200.0,200,4343.183612
-200.0,200,4344.493979
-87.0,87,4345.118777
-89.0,89,4345.747709
-156.0,156,4346.745332
-200.0,200,4348.086639
-200.0,200,4349.471306
-90.0,90,4350.156451
-200.0,200,4351.568168
-155.0,155,4352.536892
-91.0,91,4353.10355
-96.0,96,4353.810552
-189.0,189,4355.22906
-93.0,93,4355.987703
-91.0,91,4356.500302
-154.0,154,4357.829123
-92.0,92,4358.487829
-162.0,162,4359.611197
-184.0,184,4360.804768
-90.0,90,4361.490302
-200.0,200,4362.684872
-167.0,167,4363.636154
-162.0,162,4364.760213
-88.0,88,4365.401484
-182.0,182,4366.542634
-147.0,147,4367.473032
-94.0,94,4368.103493
-101.0,101,4368.660545
-89.0,89,4369.188473
-165.0,165,4370.322342
-198.0,198,4371.823761
-105.0,105,4372.474726
-200.0,200,4373.97797
-163.0,163,4375.157143
-178.0,178,4376.379517
-89.0,89,4376.899542
-183.0,183,4378.249023
-158.0,158,4379.48755
-87.0,87,4379.992716
-89.0,89,4380.513622
-92.0,92,4381.20782
-161.0,161,4382.259423
-87.0,87,4382.748704
-156.0,156,4383.868302
-88.0,88,4384.518877
-159.0,159,4385.604505
-107.0,107,4386.399291
-178.0,178,4387.761677
-140.0,140,4388.857748
-158.0,158,4389.903238
-180.0,180,4391.18498
-152.0,152,4392.338333
-94.0,94,4392.927123
-90.0,90,4393.532632
-90.0,90,4394.09707
-152.0,152,4395.090846
-144.0,144,4395.926913
-149.0,149,4397.033095
-158.0,158,4398.260623
-87.0,87,4399.021703
-154.0,154,4400.043116
-134.0,134,4400.979519
-134.0,134,4401.756673
-96.0,96,4402.477818
-86.0,86,4403.007259
-176.0,176,4404.16043
-89.0,89,4404.787637
-97.0,97,4405.438091
-95.0,95,4406.132931
-150.0,150,4407.103277
-155.0,155,4408.075657
-89.0,89,4408.721106
-139.0,139,4409.550541
-140.0,140,4410.465146
-155.0,155,4411.552915
-156.0,156,4412.608209
-94.0,94,4413.190588
-129.0,129,4414.018725
-87.0,87,4414.529908
-133.0,133,4415.545672
-114.0,114,4416.242391
-133.0,133,4417.09194
-145.0,145,4417.911524
-113.0,113,4418.727932
-92.0,92,4419.399819
-155.0,155,4420.461816
-112.0,112,4421.14141
-114.0,114,4421.934991
-154.0,154,4422.926185
-151.0,151,4424.136702
-176.0,176,4425.315864
-160.0,160,4426.49222
-90.0,90,4427.08269
-116.0,116,4427.791275
-131.0,131,4428.828976
-200.0,200,4430.374644
-154.0,154,4431.441369
-176.0,176,4432.596029
-111.0,111,4433.255207
-106.0,106,4433.930546
-200.0,200,4435.144947
-155.0,155,4436.03943
-133.0,133,4436.916624
-113.0,113,4437.712563
-117.0,117,4438.463591
-179.0,179,4439.679769
-160.0,160,4440.823979
-200.0,200,4442.088507
-200.0,200,4443.325717
-200.0,200,4444.566103
-88.0,88,4445.149194
-105.0,105,4445.798126
-200.0,200,4446.985292
-200.0,200,4448.460372
-169.0,169,4449.528567
-93.0,93,4450.172259
-200.0,200,4451.539461
-200.0,200,4452.844216
-200.0,200,4454.391634
-200.0,200,4455.76482
-200.0,200,4457.104666
-97.0,97,4457.683063
-200.0,200,4458.942658
-200.0,200,4460.426052
-105.0,105,4461.066257
-103.0,103,4461.862033
-95.0,95,4462.40821
-191.0,191,4464.010024
-200.0,200,4465.367883
-200.0,200,4467.866462
-200.0,200,4469.079343
-151.0,151,4470.026284
-159.0,159,4470.995622
-197.0,197,4472.249603
-127.0,127,4473.089529
-197.0,197,4474.619577
-200.0,200,4476.067901
-200.0,200,4477.622429
-185.0,185,4478.954498
-94.0,94,4479.688106
-200.0,200,4481.3058
-200.0,200,4482.626039
-154.0,154,4483.736471
-200.0,200,4485.232882
-94.0,94,4485.95394
-137.0,137,4487.020728
-158.0,158,4488.118046
-193.0,193,4489.598862
-145.0,145,4490.719428
-157.0,157,4491.766327
-154.0,154,4492.938737
-168.0,168,4494.147948
-110.0,110,4494.883715
-157.0,157,4495.964504
-90.0,90,4496.577858
-134.0,134,4497.514276
-200.0,200,4498.787337
-91.0,91,4499.539979
-200.0,200,4500.915459
-159.0,159,4501.917758
-105.0,105,4502.818715
-200.0,200,4504.188156
-172.0,172,4505.290961
-109.0,109,4506.131524
-200.0,200,4507.505934
-187.0,187,4508.817135
-114.0,114,4509.610354
-90.0,90,4510.183245
-114.0,114,4510.868739
-200.0,200,4512.237005
-191.0,191,4513.800482
-103.0,103,4514.572551
-183.0,183,4515.863658
-200.0,200,4517.796316
-200.0,200,4519.290226
-197.0,197,4521.009109
-188.0,188,4522.69478
-107.0,107,4523.503748
-89.0,89,4524.318285
-200.0,200,4525.916508
-116.0,116,4526.84744
-158.0,158,4528.166506
-98.0,98,4528.848471
-173.0,173,4530.073947
-153.0,153,4531.287205
-175.0,175,4532.516498
-161.0,161,4533.91353
-95.0,95,4534.618152
-147.0,147,4535.594683
-150.0,150,4536.745954
-97.0,97,4537.459843
-156.0,156,4538.580215
-200.0,200,4539.893179
-103.0,103,4540.690133
-94.0,94,4541.487034
-200.0,200,4542.916548
-200.0,200,4544.360528
-163.0,163,4545.488358
-169.0,169,4546.594307
-172.0,172,4547.976533
-146.0,146,4548.938822
-150.0,150,4549.891795
-177.0,177,4550.952772
-172.0,172,4552.091197
-200.0,200,4553.296093
-152.0,152,4554.399723
-153.0,153,4555.546954
-164.0,164,4556.587796
-200.0,200,4557.966082
-153.0,153,4558.981337
-169.0,169,4560.210091
-176.0,176,4561.366974
-146.0,146,4562.36338
-172.0,172,4563.576058
-196.0,196,4564.754807
-200.0,200,4566.013406
-163.0,163,4567.130859
-147.0,147,4568.058621
-175.0,175,4569.109452
-181.0,181,4570.238246
-168.0,168,4571.439124
-189.0,189,4572.46865
-196.0,196,4573.656242
-190.0,190,4574.893384
-200.0,200,4576.290495
-188.0,188,4577.797021
-200.0,200,4579.210049
-143.0,143,4580.074701
-177.0,177,4581.305066
-187.0,187,4582.497806
-191.0,191,4583.603369
-150.0,150,4584.617813
-200.0,200,4586.038617
-200.0,200,4587.200038
-200.0,200,4588.590559
-121.0,121,4589.382329
-200.0,200,4590.868058
-134.0,134,4591.667415
-133.0,133,4592.480588
-151.0,151,4593.435203
-200.0,200,4594.892067
-200.0,200,4596.241048
-200.0,200,4597.699984
-198.0,198,4598.977492
-197.0,197,4600.219826
-200.0,200,4601.75432
-182.0,182,4602.967101
-197.0,197,4604.3683
-141.0,141,4605.348734
-162.0,162,4606.335484
-188.0,188,4607.617649
-148.0,148,4608.544885
-194.0,194,4609.847991
-196.0,196,4611.168988
-200.0,200,4612.541565
-200.0,200,4613.944453
-200.0,200,4615.269661
-200.0,200,4616.649547
-200.0,200,4618.115519
-174.0,174,4619.360597
-200.0,200,4620.905173
-200.0,200,4622.139231
-200.0,200,4623.51387
-178.0,178,4624.77836
-190.0,190,4626.227373
-156.0,156,4627.342556
-186.0,186,4628.76847
-200.0,200,4630.211154
-200.0,200,4631.473982
-172.0,172,4632.801152
-200.0,200,4634.104397
-184.0,184,4635.538427
-159.0,159,4636.756506
-199.0,199,4638.109941
-200.0,200,4639.4713
-120.0,120,4640.280784
-200.0,200,4641.907894
