#{"t_start": 1733298205.2908344, "env_id": "LunarLander-v3"}
r,l,t
-96.597554,64,3.686004
-284.540627,91,4.072043
-202.947533,119,4.263861
-101.850525,89,4.42096
-218.523873,80,4.547536
-362.546746,89,4.799952
-94.038175,98,4.963734
40.782614,77,5.080957
-228.594372,82,5.204036
-116.416996,67,5.327269
-230.002206,94,5.451762
-118.837271,120,5.691275
-145.126465,92,5.853183
-67.305702,65,5.967968
-299.139669,131,6.191583
-112.176849,72,6.312424
-222.230945,89,6.464872
-117.537345,65,6.584878
-65.909767,77,6.699918
-255.126272,113,6.866977
-176.134278,90,7.025861
-159.684965,90,7.197686
-29.01753,112,7.414511
-200.983371,80,7.5386
-128.234531,109,7.743648
-165.343485,74,7.868801
-13.321707,99,8.028927
-121.901332,79,8.175488
-122.488899,80,8.300617
-123.454649,99,8.46913
-199.497469,74,8.585417
-95.649673,77,8.707751
-80.816865,83,8.84762
-104.30706,66,8.98909
-257.236714,72,9.144929
-139.391925,74,9.286679
-81.776532,90,9.419261
-99.574642,103,9.587204
-313.231013,106,9.804751
-336.998948,138,10.048292
-226.324196,80,10.176875
-133.485187,96,10.343056
-371.335249,96,10.507083
-316.799952,96,10.687194
-388.277498,95,10.900286
-98.379116,100,11.082992
-226.809611,90,11.21428
-308.29221,74,11.345274
-176.953227,86,11.524059
-153.912238,92,11.64858
-108.274328,68,11.802627
-198.296847,120,12.030735
-349.214009,112,12.215333
-377.533125,81,12.40876
-132.902672,83,12.540663
-135.741814,86,12.705326
-76.133417,66,12.838545
-103.008841,99,13.023606
-156.716441,84,13.159321
-190.919638,137,13.422206
-355.544104,94,13.644258
-135.227705,111,13.827568
-120.345037,64,13.953771
-74.741814,70,14.041181
-103.294863,69,14.167122
-87.761121,91,14.335661
-103.896909,92,14.542076
-130.642046,86,14.662256
-218.389771,79,14.786215
-75.053773,75,14.917601
-219.958073,92,15.103041
-244.070681,93,15.273018
-109.747638,88,15.444181
-316.47831,96,15.625826
-397.471368,96,15.809094
-104.62473,86,15.946621
-91.359959,59,16.067701
27.915265,102,16.239489
-115.240794,86,16.404244
-355.098283,87,16.574911
-105.173896,127,16.792073
-277.020608,87,16.918316
-120.187237,74,17.044202
-96.083733,96,17.268414
-83.940801,69,17.400101
-290.136553,86,17.526492
2.65489,87,17.700195
-75.654617,97,17.833849
-148.242368,104,18.043009
-94.84947,94,18.213112
-216.118853,98,18.37435
-447.838348,136,18.639585
-175.948188,99,18.813037
-145.643801,115,18.98288
-310.896976,102,19.194818
-99.685348,101,19.364516
-121.220031,69,19.506848
-98.909358,79,19.653392
-200.086911,113,19.870452
-95.416786,63,19.99466
-82.593717,88,20.177144
-435.789062,122,20.401202
-373.072709,105,20.632775
-143.113994,96,20.808817
-111.921314,87,20.988442
-105.375041,106,21.221187
-192.842981,97,21.342954
-318.773106,79,21.508534
-376.638787,86,21.642544
-146.080831,65,21.765402
-122.067517,75,23.42971
-130.92255,84,23.981295
-113.081577,105,24.544294
-423.08824,85,25.066709
-163.180203,84,25.599469
-65.257105,74,25.976901
14.897178,148,26.823642
-215.549677,123,27.513386
-72.4634,105,28.049973
-209.412166,93,28.578092
116.585188,1000,34.686685
-58.440897,74,35.228774
-138.447244,65,36.775177
-117.480333,107,39.62577
-171.328388,102,42.377349
-88.539666,72,44.414
-99.704383,99,47.371449
-108.571044,91,50.106799
-138.574222,104,53.107511
-159.236991,112,55.937192
-174.673763,77,58.174715
-111.524535,87,60.713192
-109.454688,78,62.989884
-106.542479,102,65.733474
-119.668665,97,68.332524
7.141948,114,71.581785
-370.200506,67,73.431061
-107.127331,66,75.314628
-52.673285,109,78.2936
-123.438223,91,80.971628
-241.609363,73,82.995437
-91.186815,86,85.43705
-127.236787,66,87.272778
-91.597879,68,89.30275
-121.821629,72,91.317534
-124.954206,97,94.092819
-69.978955,58,95.798841
-112.257617,92,98.34862
-119.289021,93,100.745044
-86.131437,79,102.924464
-109.036064,70,104.810663
-98.838071,94,107.397849
-251.296915,87,109.88728
-117.005643,96,112.479044
-115.1657,78,114.743863
-59.868404,104,117.546564
-244.394103,77,119.670478
-83.437043,83,121.81723
-96.644643,105,124.615491
-127.485524,101,127.313928
-81.12045,66,129.181139
-205.445233,66,131.03288
-106.92238,90,133.697848
-108.285075,62,135.546602
-118.931324,83,137.905942
-158.16735,95,140.391693
-77.23823,68,142.26479
-91.127633,77,144.392519
-196.457357,83,146.769117
-90.969173,102,149.47337
-116.682767,72,151.57133
-84.510434,80,153.726091
-75.680207,64,155.497505
-130.792142,90,158.022374
-114.649647,94,160.722772
-145.007162,66,162.657551
-130.105512,69,164.599141
-92.48824,106,167.46381
-101.727083,84,169.64549
-79.186852,68,171.617424
-40.119775,61,173.284205
-132.576116,100,175.87891
-44.155643,111,178.893692
-72.03368,107,181.787115
-96.833621,70,183.457424
-107.590424,81,185.582137
-130.087752,101,188.406968
-116.296558,83,190.753349
-161.457453,104,193.415905
-97.082234,86,195.74498
-113.077243,64,197.617587
-83.183815,76,199.763685
-161.803757,97,202.096878
-83.229375,87,204.466346
-107.298916,85,206.841689
-111.880233,107,209.771628
-63.977344,80,211.67907
-80.383897,89,214.186876
-149.347211,67,216.085463
-140.832079,112,218.953325
-51.899082,68,220.707443
-268.302386,58,222.32287
-102.516965,81,224.733227
-54.716582,111,227.74796
-72.050226,75,229.818835
-132.400589,90,232.315463
-103.868377,116,235.720096
-70.441365,85,238.018986
-216.720264,69,240.056623
-79.070474,120,243.36832
-109.907558,98,246.333189
-116.12989,81,248.751143
-288.92226,146,252.696271
-138.404955,87,255.337346
-121.406813,107,258.505434
-76.45407,75,260.540594
-70.784821,117,263.843827
-92.621304,113,267.045997
-46.033454,70,268.99936
-127.066097,105,271.745285
-65.458392,66,273.519454
-87.054238,103,276.3984
-44.060225,81,278.551373
-60.514854,71,280.389346
-88.135947,88,282.763472
-112.41805,126,286.217767
-118.257538,78,288.344683
-37.214246,115,291.395274
-51.317109,65,293.203458
-52.52967,73,295.091025
-144.39332,57,296.530755
-65.037398,107,299.319809
-82.89515,119,302.192147
-101.182382,81,304.279454
-33.151349,116,306.814829
-107.914634,106,309.204651
-246.489929,147,312.723495
-65.681636,68,314.918584
-36.789925,76,316.716077
-149.267064,69,318.408444
-82.878373,102,321.33928
-92.70627,76,323.418941
-62.347276,67,325.281468
-80.843951,128,328.746094
-92.053077,120,331.682466
-43.991335,85,333.711962
-77.520556,75,335.514528
-97.594137,112,338.414961
-12.596049,145,342.061291
-203.93183,90,344.527189
-87.818346,102,346.870673
-46.179159,91,348.90012
-141.13842,66,350.322287
-100.651368,98,352.211967
-50.618476,112,354.684396
-218.094018,60,356.096842
-84.266918,95,358.228889
-60.088364,94,360.326005
-52.222835,80,362.193576
-254.537414,75,363.947799
-106.40918,111,366.428996
-48.695589,72,368.112671
-84.384155,117,370.881926
-39.233252,57,372.243656
-77.114286,95,374.344603
-90.657941,90,376.602985
-67.356707,70,378.247796
-96.430215,152,381.618513
-51.744927,88,390.534494
-145.541822,100,392.621459
-54.845288,109,395.191406
-154.460542,62,396.60567
-50.659277,78,398.337429
-43.115429,151,401.689018
-64.403766,114,404.32072
-97.702548,111,406.923802
-61.967823,126,409.538983
-49.076369,62,410.943991
-69.368337,109,413.582991
-5.174891,164,417.159763
-96.848782,82,419.044258
-64.760005,98,421.272088
-60.63563,131,424.163155
-64.855793,145,427.205552
-43.720812,162,430.64442
-119.875865,52,431.743209
-40.858322,116,434.310902
-40.303228,105,436.607316
-66.595607,113,439.271255
-65.955106,102,441.614527
-28.836177,167,445.229586
-76.839454,61,446.524943
-71.280237,134,449.3314
-91.116881,146,452.38361
-55.962904,88,454.245858
-49.215055,111,456.540683
-104.055812,113,459.134673
-4.104916,139,462.213245
-84.207476,70,463.677568
-53.728874,99,465.640178
-51.983853,68,467.034144
-48.674411,73,468.589801
-25.463263,161,471.838393
-40.74659,95,473.878518
-110.888554,53,475.097875
-82.225319,133,477.957962
-17.102809,79,479.58589
-115.407093,135,482.270335
-70.628845,70,483.765925
3.907894,141,486.643039
-78.636184,105,488.693622
-58.133194,124,491.215189
-39.608389,141,494.112937
-49.5567,77,495.834647
-85.83655,128,498.79505
-26.040663,188,502.35714
-284.471627,75,503.977417
-40.477066,67,505.424843
-20.332225,118,507.655582
-90.642027,88,509.535402
-12.745046,68,510.973316
-50.724155,174,514.367496
-44.554939,169,517.656493
-16.183308,159,520.811739
-11.767339,226,525.329563
-118.345226,65,526.736767
-100.075835,131,529.674325
-32.717444,92,531.577202
8.43068,224,535.883006
-34.555919,126,538.285468
-7.201679,141,541.094544
-198.054859,63,542.554188
20.50541,153,545.506766
-83.25156,66,546.784873
-57.324816,165,550.227739
-69.0473,123,552.534009
-50.551069,80,554.227806
-63.9491,120,556.741355
-119.552352,71,558.27518
-33.911486,120,560.752224
-25.873974,125,563.346045
-89.045815,93,565.43024
-74.030707,98,567.446971
-52.131616,107,569.811581
-74.615989,73,571.355742
-55.005273,147,574.048915
-27.077762,120,576.541365
15.70608,105,578.848206
-28.669343,110,581.158082
-31.211236,165,584.366811
-196.57965,96,586.225016
-39.112846,122,588.564167
-34.999588,142,591.567977
-43.154479,107,593.701637
27.766688,169,596.555945
-49.80152,79,598.158872
-44.184166,88,599.795011
-39.940062,132,602.343122
-21.832538,215,606.568876
-36.386329,141,609.229968
-78.113832,101,611.253203
28.977123,131,613.649441
-46.72089,105,615.853468
-88.510213,74,617.297591
9.646225,121,619.401866
-125.361936,68,620.797432
-5.23263,121,623.111047
4.382845,177,626.486104
-166.771237,142,629.314604
-7.085986,166,632.668284
-99.034063,85,634.426669
-12.205501,226,638.584184
-48.564233,75,640.04331
-33.618197,155,642.883242
-13.097111,153,645.900797
-101.348007,78,647.497787
-46.928852,93,649.551294
-27.254341,122,652.25491
121.750218,1000,670.238858
-33.753962,155,672.948896
-15.516906,97,674.720849
-0.256915,119,676.877239
22.299608,171,679.977725
-34.71942,129,682.490477
25.990005,206,686.20147
-65.732294,475,694.063937
227.692722,301,698.949954
276.020606,283,703.076174
185.866033,531,711.79842
240.107303,304,717.097546
-49.740514,120,719.281919
17.80845,144,721.767673
-80.31159,560,730.853468
-27.430763,126,732.87307
-49.279244,66,733.892797
-59.839714,66,735.124678
-90.744784,734,746.735142
-242.886895,508,754.654205
-231.48858,397,760.686923
-52.693972,1000,775.793401
-25.482466,82,777.158864
244.58354,291,781.612985
-16.763309,101,783.296539
110.671338,541,791.685649
268.955599,272,795.633611
-74.589981,368,801.25902
8.874524,143,803.506444
179.959154,425,809.66983
60.280134,1000,823.514135
24.715466,99,824.926821
13.756952,104,826.489376
201.107083,686,835.785044
26.92641,1000,853.338555
13.798161,1000,865.588404
97.184046,1000,877.85579
61.617712,1000,890.121377
-103.585605,566,896.5098
179.969745,682,904.409532
-22.303557,1000,915.817792
-16.227994,153,917.61617
-30.998529,1000,928.406695
239.951865,534,933.587733
247.590293,247,936.019842
-107.638519,596,942.376912
-161.010205,752,950.034848
206.412948,664,956.753191
-8.837357,1000,967.179549
14.327697,1000,977.429747
194.732799,591,983.266851
180.191222,838,992.130786
59.988132,1000,1001.527698
30.168437,1000,1010.560559
166.372728,790,1018.002049
198.186328,451,1022.209971
236.459099,403,1026.193652
177.542955,466,1030.347076
41.837317,1000,1039.382883
145.17454,1000,1048.558962
254.203272,771,1055.365366
247.972441,368,1058.594517
106.687602,1000,1067.931582
285.714651,290,1070.581915
273.629185,210,1072.691279
-36.48763,1000,1081.507786
262.806736,212,1083.469877
69.937602,1000,1092.282434
280.450365,224,1094.296121
-22.172947,1000,1107.689544
280.818567,826,1115.631318
227.746033,753,1122.61127
253.2757,416,1126.201043
265.812201,249,1128.466391
250.302121,253,1130.732376
206.045197,249,1133.031214
128.867058,1000,1141.88054
248.005476,486,1146.357951
26.251531,134,1147.616156
252.886407,170,1149.186608
-27.87441,1000,1158.764487
130.818129,1000,1167.97552
128.09841,1000,1176.686973
288.982576,307,1179.39117
250.945528,299,1182.058974
213.337698,406,1185.871126
241.274438,355,1189.164308
252.671886,240,1191.508436
-12.581303,1000,1200.496969
5.899233,181,1202.07611
-77.492472,342,1205.407546
270.71713,284,1209.008471
266.755297,233,1211.151819
-25.365077,1000,1220.026412
221.674354,423,1223.638256
241.758744,372,1227.103413
253.173064,398,1230.588259
204.487805,434,1234.864168
262.800325,279,1237.229373
272.531172,208,1239.168355
254.199861,299,1242.008712
278.573257,294,1244.520715
209.452517,435,1248.417879
262.042907,211,1250.372779
267.734812,251,1252.969976
251.928954,232,1254.871448
230.18733,335,1258.087337
274.673992,204,1260.137479
235.923002,203,1262.112148
207.325375,411,1265.949547
-16.212463,1000,1275.413481
270.196373,317,1278.296653
50.664972,179,1280.079189
12.774884,169,1281.641886
239.814725,240,1283.896441
44.75972,256,1286.137353
5.869628,214,1288.016015
276.096287,192,1289.859894
277.191753,298,1292.705523
293.427559,203,1294.704717
207.067698,884,1302.821613
257.576327,279,1305.673335
291.04846,294,1308.374351
285.973288,224,1310.317307
-8.173825,120,1311.325425
262.821557,202,1313.185494
253.616489,422,1317.323152
-22.70554,1000,1327.032148
77.74572,1000,1336.488804
-198.755654,584,1345.907063
261.880667,314,1348.875505
177.4933,686,1355.476314
242.766219,278,1358.276692
267.26293,184,1360.470737
258.247583,194,1362.363106
295.319122,162,1363.859866
276.708396,182,1365.794776
258.485451,317,1369.256603
265.736907,154,1370.868676
48.289019,113,1372.135248
-106.091963,530,1377.671132
287.563444,230,1379.952807
241.568264,735,1387.332381
261.778481,191,1389.355049
-23.685882,1000,1398.88527
208.136866,629,1404.805867
267.450271,165,1406.365938
226.463941,301,1409.113537
266.90137,210,1411.027797
216.998662,409,1414.710709
-99.537323,1000,1424.630674
137.798095,1000,1433.941445
238.840828,230,1436.150298
254.238406,158,1437.389068
111.987654,1000,1447.215944
249.592944,181,1448.903653
245.081386,196,1450.830307
286.172161,152,1452.168593
226.12532,273,1454.650388
284.345913,185,1456.401496
153.371702,1000,1465.359066
279.370172,175,1467.12292
251.687032,176,1468.683623
140.657752,1000,1478.049342
-117.146832,870,1486.543384
265.777417,203,1488.367539
254.581855,176,1490.189859
156.797754,1000,1499.695976
284.905499,199,1501.511021
244.530252,225,1503.5509
250.935834,919,1512.034104
249.209598,209,1513.998809
259.635388,183,1515.626192
284.219714,165,1517.225787
270.039461,170,1518.779061
134.500868,1000,1528.040714
254.039874,268,1530.329901
20.495173,92,1531.154221
0.068131,1000,1540.361006
242.147111,536,1545.320756
221.231253,473,1549.606303
240.197411,306,1552.485136
286.081934,153,1553.76546
218.367632,530,1558.691927
259.785702,197,1560.572298
239.089305,217,1562.528118
268.024258,191,1564.455888
275.399532,182,1566.234401
120.19706,1000,1575.498048
32.742039,76,1576.394017
278.669576,153,1577.831785
245.828429,182,1582.019931
246.178348,218,1583.8373
260.212093,169,1585.439137
0.235942,127,1586.606405
262.590454,220,1588.850278
241.722191,333,1591.934708
35.143765,113,1593.150243
276.995752,173,1594.821911
-242.767455,248,1597.108333
247.976636,351,1600.583299
281.98998,170,1602.19273
205.673824,306,1605.046454
231.860065,188,1607.019264
18.045646,168,1608.355387
37.3914,86,1609.221676
244.16682,336,1612.270491
250.435591,172,1613.820659
274.168691,221,1616.04556
228.806038,218,1618.069209
265.847126,215,1620.208551
261.445016,654,1626.41056
251.296545,745,1633.263332
27.078666,128,1634.412688
257.219048,182,1636.107169
213.694679,353,1639.4763
260.142106,180,1641.15898
121.357912,1000,1650.375219
20.447547,111,1651.533473
280.407606,358,1654.895643
216.177601,619,1660.6257
238.911915,186,1662.35741
235.228406,615,1668.058395
269.04065,172,1669.619193
246.226182,161,1671.304386
41.555974,107,1672.420783
-318.770184,105,1673.416868
245.836653,308,1676.335381
272.203994,174,1678.03036
259.680902,228,1680.115221
275.557463,145,1681.475895
282.721016,139,1682.621932
25.318373,146,1684.048841
279.576231,191,1685.857555
-8.076096,112,1686.97068
265.754407,231,1689.09003
110.072493,1000,1698.103617
255.00341,311,1700.854758
212.928251,315,1703.616214
254.890313,642,1709.88797
257.743566,176,1711.42693
268.907017,164,1712.997657
280.768968,617,1718.344174
5.288055,166,1720.074713
274.067369,159,1721.692108
279.078745,169,1723.46704
245.273705,372,1726.949601
294.078478,186,1728.808532
56.701192,106,1729.862689
143.148959,1000,1739.557881
230.453192,173,1741.123086
32.73187,109,1742.032921
288.100905,222,1744.084659
32.501642,112,1745.196965
307.946678,244,1747.335339
41.611525,129,1748.600703
52.348885,103,1749.605893
248.042751,171,1751.204814
249.852998,241,1753.498716
21.744948,127,1754.755145
286.942293,169,1756.606342
-29.328671,1000,1767.045989
158.927734,1000,1777.363665
263.170588,168,1779.052922
34.231133,101,1780.204391
17.277286,98,1781.163101
16.55334,148,1782.677298
286.362802,196,1784.559302
47.461713,115,1785.549821
133.518899,1000,1795.339143
294.678853,206,1797.305227
258.740495,195,1799.004175
47.389379,86,1799.799421
257.940656,179,1801.36691
34.685505,116,1802.568645
57.032512,119,1803.549614
259.923723,160,1805.081609
268.757501,325,1808.259881
290.419907,742,1815.112079
6.219251,100,1816.101855
238.811088,950,1825.964524
20.210862,102,1826.944975
280.315885,190,1828.478659
65.290091,155,1829.873721
56.715832,79,1830.665246
258.828776,741,1837.25311
53.184569,121,1838.423233
29.754122,97,1839.343747
269.492735,327,1842.480932
-2.801337,85,1843.245207
147.504184,874,1851.007545
-7.332728,130,1852.362817
284.065196,372,1855.5506
65.35763,125,1856.578947
286.399457,221,1858.535036
252.638319,609,1864.220546
26.310664,106,1865.036178
246.230577,230,1867.149649
1.09872,112,1868.167442
140.485437,1000,1877.081413
40.221481,127,1878.162372
277.40657,225,1880.44535
-6.363551,124,1881.574521
4.009562,91,1882.481138
44.607868,86,1883.326535
41.973329,91,1884.144582
37.913511,99,1885.000637
41.927195,147,1886.275932
18.683015,87,1887.012423
14.003044,116,1887.968678
46.677557,137,1889.231605
-8.444497,95,1890.071946
177.466643,1000,1899.190545
25.828496,95,1900.024451
285.590322,273,1902.471522
13.836916,112,1903.493634
31.627699,99,1904.343393
15.988282,117,1905.520396
48.171648,181,1907.239761
68.146179,98,1908.18431
47.188027,99,1909.15361
40.65765,87,1909.978837
234.29455,411,1913.662184
20.465106,124,1914.771102
302.268049,177,1916.376864
19.529171,169,1917.832749
58.376997,99,1918.716274
146.729191,1000,1928.272862
59.024913,81,1929.118135
183.004325,1000,1938.585627
27.689815,103,1939.603822
11.300984,115,1940.664854
63.674821,120,1941.828423
28.949539,113,1942.710185
22.500745,103,1943.761539
268.097679,198,1945.439606
233.966557,227,1947.498927
292.187733,173,1949.135952
39.572082,145,1950.267294
8.241946,124,1951.579492
33.47682,123,1952.608056
15.53217,106,1953.730733
57.616494,132,1955.035196
39.542245,142,1956.436131
33.318779,112,1957.508224
-0.848268,105,1958.475
24.315542,132,1959.733292
8.852515,123,1960.864132
33.673566,74,1961.709874
279.480906,180,1963.495744
302.223187,250,1965.577999
36.91149,127,1966.80061
17.979515,169,1968.330618
4.485338,96,1969.117759
32.438527,143,1970.343624
258.466226,168,1971.710422
3.446859,137,1972.896772
23.700352,134,1973.999565
252.110062,164,1975.568216
282.087452,241,1977.779328
12.686731,105,1978.566483
4.352872,113,1979.541154
11.961787,94,1980.312675
49.396439,103,1981.251391
257.393097,220,1983.540327
10.855845,112,1984.61564
25.787102,105,1985.680538
33.939869,100,1986.532873
165.603771,1000,1996.142592
247.251284,346,1999.53433
9.271106,113,2000.467805
45.099897,134,2001.555188
19.293942,102,2002.606968
62.737896,102,2003.472258
13.527048,182,2005.258778
19.469872,145,2006.691047
257.71033,840,2014.94
306.28253,242,2017.701446
-9.065413,109,2018.823926
33.750429,94,2019.7946
13.455082,100,2020.703498
62.738634,89,2021.840248
24.928724,107,2022.786951
301.980483,242,2025.440225
48.218647,144,2026.990653
259.068078,173,2028.839596
49.433065,118,2030.211874
180.269131,1000,2039.949059
33.525791,97,2040.885707
44.49738,105,2041.944207
-6.620274,176,2043.65807
44.221872,125,2044.990004
27.632081,101,2046.095752
32.976221,88,2047.001842
17.468304,102,2047.900436
40.679044,127,2048.962835
58.852011,131,2050.119303
301.786018,212,2052.228224
58.739516,160,2053.773339
31.506488,137,2056.343156
30.146682,86,2057.203866
-4.961141,89,2058.203745
49.909639,131,2059.503992
-106.633741,100,2060.534696
9.609175,128,2061.552472
-48.977872,99,2062.413656
307.877153,172,2064.038819
-0.469061,80,2064.76165
160.469319,1000,2074.095882
62.211763,90,2074.841414
-17.881815,116,2075.929314
21.034075,127,2077.186719
32.422994,103,2078.140973
-69.170253,96,2079.118054
296.14859,165,2080.79433
287.716706,432,2084.818784
281.79532,172,2086.382437
40.853505,88,2087.26775
-78.775203,77,2088.020438
-24.299245,86,2088.901026
8.655319,86,2089.735016
15.525498,104,2090.772989
289.916685,168,2092.152545
281.541302,192,2093.788434
281.081583,187,2095.532496
46.55401,78,2096.279167
17.21908,78,2096.949238
33.517444,92,2097.8894
38.870762,123,2098.91543
135.401639,1000,2108.503592
50.604046,78,2109.250662
23.892917,147,2110.811007
284.911163,203,2112.752095
32.75795,83,2113.613141
22.388845,98,2114.62053
34.672664,116,2115.930441
-107.445081,81,2116.825927
36.143455,129,2118.331473
-20.058677,84,2119.242486
-5.364946,109,2120.506408
270.465092,167,2122.508922
266.049383,185,2124.730342
256.757234,186,2126.8072
-83.364303,89,2127.782762
273.866057,164,2129.765984
24.822825,116,2131.114697
287.118302,165,2132.811791
272.354037,460,2137.305338
2.647732,111,2138.257121
-49.739631,78,2139.075408
269.442119,221,2141.569351
153.636732,1000,2151.821375
173.077096,1000,2161.349912
277.705554,211,2163.248753
294.727644,207,2165.180913
56.363571,125,2166.677122
62.404923,205,2168.705216
253.541024,208,2170.624206
-0.281427,98,2171.589958
272.878557,309,2174.769602
296.490302,225,2176.979748
11.24382,154,2178.426312
285.93119,121,2179.775053
275.555214,167,2181.493428
19.787653,92,2182.468035
284.908391,215,2184.837401
20.344698,84,2185.762741
264.709769,236,2188.033687
140.096737,1000,2197.881072
273.936315,174,2199.670378
32.272096,115,2200.834551
317.912389,221,2202.808883
274.572076,154,2204.136838
15.552705,86,2204.861391
143.477435,1000,2214.266313
45.266402,120,2215.292161
-0.315914,139,2216.658401
257.552149,195,2218.381917
287.597987,169,2219.957891
5.853063,96,2220.949274
279.93577,242,2223.407012
17.887874,116,2224.457459
284.842395,273,2227.605254
26.435927,97,2228.878922
153.378134,1000,2239.79014
0.418339,135,2241.216956
8.917399,94,2242.10871
297.023718,286,2245.075336
34.446107,80,2245.986091
280.462714,358,2249.35792
21.394795,193,2251.202996
252.142548,220,2253.329877
283.947828,143,2254.697827
-192.53145,72,2255.334898
145.939793,1000,2264.545848
179.655498,1000,2274.650136
275.252743,190,2276.384791
29.166778,107,2277.546209
142.971545,1000,2287.607683
245.102443,169,2289.349507
271.294447,189,2291.150366
134.172593,1000,2301.572562
55.587642,1000,2313.934974
300.301991,234,2316.334596
276.699509,292,2319.069891
257.721999,367,2322.494241
289.716378,232,2324.651532
30.05595,198,2326.763961
137.697904,1000,2336.301101
14.625525,98,2337.278507
260.435206,161,2338.925808
69.989286,79,2339.691649
280.663068,136,2341.019449
280.323191,156,2342.512629
159.852981,1000,2352.68705
282.892458,193,2354.582975
9.479792,98,2355.627604
281.321732,221,2357.689655
286.094225,211,2359.697881
54.773263,146,2361.198901
309.244656,205,2363.266656
65.313807,162,2364.838193
-128.911055,177,2366.597031
256.164829,229,2368.595244
-174.091205,124,2369.756517
254.018246,131,2370.88447
40.509508,110,2371.86358
29.377297,128,2373.00853
-17.115012,88,2374.047519
244.919586,160,2375.682983
34.505865,110,2376.925734
280.570723,206,2378.966503
300.955534,200,2381.23118
240.849061,186,2383.001469
262.261332,270,2385.66283
248.792865,154,2387.114617
-316.034107,246,2389.629489
269.868622,761,2397.579078
36.076473,203,2399.685792
254.770322,185,2402.112609
50.63845,117,2403.230269
164.364268,1000,2413.478968
9.681712,96,2414.319565
58.08089,88,2415.089754
36.615405,107,2416.052504
263.308547,173,2417.691392
296.139257,648,2423.664156
272.013968,225,2425.630371
191.855903,1000,2435.085353
281.407877,318,2438.156019
2.60523,116,2439.077571
75.433527,128,2440.557343
-86.047926,97,2441.699213
145.734485,1000,2451.272682
31.304108,169,2452.817338
289.18624,169,2454.349507
8.019009,96,2455.305737
248.267995,164,2457.119399
59.852309,121,2458.271534
262.329565,136,2459.589201
-37.670641,96,2460.407594
237.975469,186,2461.984955
274.293985,159,2463.419021
284.329404,149,2464.928318
288.455678,168,2466.657257
-46.084536,139,2468.152461
234.08871,243,2470.377547
266.704907,195,2472.342402
252.396885,154,2473.607372
45.876389,121,2474.840657
-193.406008,329,2478.040677
262.637802,170,2479.588891
63.211807,119,2480.767703
25.105726,119,2481.917878
46.853501,87,2482.855064
17.88027,126,2484.348628
20.778569,105,2485.322702
256.796759,157,2486.785981
163.054262,1000,2496.030698
-4.569137,132,2497.132251
46.113935,120,2498.2607
38.832095,104,2499.180858
16.731776,129,2500.445373
303.04157,156,2501.874198
-164.30632,187,2503.438061
289.895388,409,2507.063196
52.788898,124,2508.230492
213.420056,712,2514.554744
-211.962229,375,2517.588427
287.565376,341,2520.56155
27.828367,98,2521.544369
282.329326,596,2527.089081
259.649637,207,2529.163621
272.473263,140,2530.358934
19.529523,159,2531.818273
41.553663,98,2532.774627
283.721393,435,2536.474767
47.962295,88,2537.360838
50.452604,86,2538.150228
-17.474326,98,2539.063193
271.777874,183,2540.835822
29.092307,119,2541.967382
277.850875,572,2548.482649
271.158799,145,2549.797409
25.39234,93,2550.673123
2.342868,106,2551.638967
-1.200193,150,2552.960641
285.637474,183,2554.606486
34.000737,89,2555.453545
271.315549,231,2557.504004
264.276852,175,2559.128136
50.927357,91,2560.011624
-20.419704,98,2560.978126
56.09566,125,2562.155252
-90.038711,57,2562.762859
260.467349,184,2564.588825
272.235741,432,2568.519428
51.975286,108,2569.586204
292.318962,226,2572.120676
311.547468,203,2574.328478
3.961841,100,2575.49259
-80.654062,389,2579.306435
254.265268,158,2580.774377
-23.57457,109,2582.092671
262.819909,165,2583.52494
-245.040869,485,2588.415909
187.032939,1000,2599.196921
259.031266,183,2600.993562
258.781385,186,2602.938293
268.576205,435,2606.862464
-41.315229,105,2608.032004
154.653565,1000,2617.509052
55.302674,115,2618.693404
10.790815,127,2619.951432
231.046258,315,2623.082349
51.347547,88,2623.987188
288.89289,201,2626.014153
10.186154,132,2627.398653
47.679861,93,2628.327558
290.460519,662,2634.252064
156.92011,1000,2643.889545
57.71591,133,2645.211665
15.049978,125,2646.529481
-3.128762,98,2647.394013
284.123842,152,2648.742722
20.597159,94,2649.609018
273.566976,148,2651.142618
248.891523,427,2654.886873
258.72808,986,2663.702358
240.30373,166,2665.211246
291.611155,180,2666.817323
280.971338,233,2668.80786
189.271813,1000,2678.432538
264.444176,265,2680.856961
268.180275,761,2688.195665
288.168416,303,2691.073838
262.644292,257,2693.432774
258.970477,417,2697.203338
-24.500982,86,2698.014461
216.244939,531,2702.607214
270.086266,134,2703.81847
268.183875,178,2705.41816
-165.075017,427,2709.482465
253.796497,152,2710.983413
-4.417133,88,2711.781267
276.833029,195,2713.472486
46.285355,129,2714.645048
46.784983,117,2715.79278
263.418349,220,2718.003098
305.685418,230,2720.18474
64.865484,86,2721.000451
243.348883,601,2726.326036
-121.181772,923,2735.301697
127.08613,1000,2744.078177
10.96557,100,2744.892124
244.082795,226,2746.850236
-39.82992,81,2747.711207
292.80373,240,2749.89786
-8.050546,132,2751.139767
7.58944,100,2752.148878
263.334445,168,2753.776595
-76.160637,120,2754.864309
284.249473,256,2757.300836
2.172159,82,2758.181117
280.432639,194,2760.000689
292.346723,211,2761.926359
259.968703,195,2763.868582
279.248488,289,2766.775293
286.079996,252,2769.352569
147.225373,1000,2779.231172
290.492072,131,2780.739414
285.06635,211,2782.593933
80.383139,143,2784.041213
169.770341,1000,2795.947076
54.423856,140,2797.374152
248.590601,655,2804.09183
261.950002,390,2807.968954
40.679977,117,2809.039701
18.861347,99,2810.146046
241.597224,221,2812.174768
291.501745,157,2813.937903
152.190365,1000,2823.84095
256.083061,228,2825.903458
2.807036,112,2826.95192
262.67554,199,2828.770867
259.571559,185,2830.567399
31.851124,91,2831.562668
52.794328,141,2832.912374
304.661974,216,2834.918195
186.716441,1000,2844.288876
273.033228,281,2847.294826
249.010217,174,2849.156882
295.40087,191,2851.153488
74.262822,229,2853.225397
261.951505,178,2854.730691
26.988538,99,2855.732399
308.067638,219,2857.807111
306.40189,214,2859.758726
274.385844,176,2861.284106
58.906022,134,2862.454154
42.750316,127,2863.603907
290.00612,192,2865.395074
61.775581,144,2866.671811
158.748062,1000,2875.956846
-5.440387,99,2877.005933
272.288244,158,2878.377362
293.427326,189,2880.134829
292.86867,194,2882.098617
38.543492,116,2883.009765
28.88453,92,2883.922101
278.945279,187,2885.906391
50.465253,79,2886.681656
142.001185,1000,2896.242504
70.103931,91,2897.051393
31.969372,124,2898.03988
294.455288,194,2899.842132
34.518805,128,2900.934477
28.197442,75,2901.748807
291.254504,142,2903.040369
238.449131,860,2910.583953
185.413768,902,2919.31749
23.710298,71,2920.002166
-9.644921,63,2920.686404
53.69225,92,2921.564479
281.201332,175,2923.352978
-8.843829,89,2924.23577
4.455672,89,2925.109017
292.777782,197,2926.859114
55.804856,151,2928.280626
48.902317,129,2929.439057
40.466638,129,2930.559757
253.719621,225,2932.845704
37.762692,128,2933.971246
267.283625,172,2935.445206
249.708713,163,2937.030901
36.186423,139,2938.642782
280.525411,178,2940.162226
284.520215,159,2941.487162
254.441269,189,2943.349872
95.677699,1000,2952.130127
60.429811,123,2953.240747
242.371421,196,2955.077413
281.346829,188,2956.950082
260.833533,176,2958.720315
297.349149,205,2960.657244
33.530023,82,2961.485768
50.685786,137,2962.875136
281.744604,191,2964.785378
46.707114,147,2966.032028
314.482469,202,2967.735579
171.469462,1000,2976.882691
264.609175,671,2983.752782
310.284568,220,2985.983198
273.27259,167,2987.647249
67.154789,152,2989.180682
38.19344,154,2990.751876
67.123138,135,2992.180179
282.029949,191,2994.153139
295.395885,233,2996.767458
48.349858,107,2997.851927
-27.795721,90,2998.943053
276.098602,161,3000.485384
12.152096,104,3001.673218
55.848417,124,3003.064976
-21.580733,119,3004.341609
30.809345,119,3005.712558
28.404411,134,3006.964734
298.343925,183,3008.972209
51.849582,113,3010.053177
260.313564,888,3019.433754
319.248763,196,3021.311718
0.023463,128,3022.566918
277.490492,187,3024.267971
289.070769,187,3026.1595
37.806656,136,3027.558799
283.383812,182,3030.495791
299.876834,180,3032.376637
317.617209,209,3034.257326
287.691467,227,3036.506291
253.945464,194,3038.181465
275.621495,211,3040.340929
301.930754,284,3043.115356
274.845824,175,3044.903939
273.182304,217,3047.064613
314.923895,198,3048.899964
266.485736,169,3050.527088
71.296175,151,3052.188745
286.719115,171,3053.831612
301.204735,185,3055.810738
4.154124,118,3057.006804
31.752313,108,3058.064082
38.336022,129,3059.174149
5.425671,96,3060.052719
296.08922,218,3062.045008
311.023237,216,3064.14271
287.132325,187,3065.819794
312.345888,166,3067.351617
252.998578,353,3070.883827
308.307515,208,3072.890177
308.673838,187,3074.632504
290.65978,165,3076.32261
248.189042,239,3078.838125
316.185021,193,3080.78877
288.101101,168,3082.258433
306.214241,209,3084.171446
300.237907,172,3085.863655
288.791576,144,3087.271424
139.833624,1000,3096.94797
125.807977,1000,3106.714332
272.621656,175,3108.329683
-39.111914,88,3109.304387
277.170816,186,3111.299377
318.465284,216,3113.434453
51.483867,90,3114.15946
27.351076,98,3115.194057
268.38734,238,3117.477053
306.685771,207,3119.621322
296.229577,177,3121.367113
39.110638,216,3123.606452
312.276979,206,3125.431837
278.685973,622,3131.184405
27.817835,119,3132.302529
279.01631,198,3134.494143
251.686453,222,3136.559894
281.521095,177,3138.413815
134.225142,1000,3148.753667
17.556846,81,3149.569642
296.025277,190,3151.30117
302.205289,220,3153.568479
-3.688752,88,3154.420475
286.675647,210,3156.624132
299.532291,193,3158.657283
269.429184,189,3160.584175
284.59067,177,3162.19343
64.160832,136,3163.66399
295.229656,181,3165.332178
296.347328,171,3167.008605
276.90045,217,3169.284574
304.610653,213,3171.42419
238.940343,243,3173.954216
282.825937,242,3176.326783
265.755273,185,3178.337943
292.124662,182,3180.16503
306.891654,199,3182.379023
288.019247,168,3184.144236
277.6289,189,3186.066258
288.640947,187,3187.777639
266.222964,295,3190.746316
282.938999,219,3192.912567
271.836053,170,3194.668415
278.498849,218,3196.667428
28.39137,116,3197.899206
269.990454,144,3199.295046
303.197107,222,3201.764545
305.657394,239,3204.408641
259.833704,165,3205.942849
37.550931,103,3206.979159
298.612974,157,3208.709192
290.142311,212,3211.006708
-9.408063,70,3211.828998
184.344138,1000,3221.647804
17.672298,65,3222.297
-9.95936,97,3223.262846
27.152266,112,3224.427755
47.034124,76,3225.155647
6.072097,101,3226.245821
272.858941,262,3228.674739
262.148394,158,3230.159528
281.20978,238,3232.381189
278.796859,210,3234.417578
25.654131,106,3235.580157
59.611951,84,3236.46047
288.140572,164,3237.918546
314.790112,217,3239.904268
253.843854,519,3244.993629
285.232929,187,3246.781477
316.73603,202,3248.84089
291.833042,146,3250.38659
281.177282,157,3251.832189
45.004743,109,3253.094833
42.068747,117,3254.178446
281.030645,192,3255.994304
275.310727,149,3257.50572
245.280305,326,3260.504141
316.833841,206,3262.305968
288.809077,174,3264.068926
-27.974956,109,3265.256528
38.965845,99,3266.134941
303.43405,190,3267.942668
56.550797,121,3269.240162
45.29499,126,3270.417819
44.877682,116,3271.479301
274.060776,706,3279.718695
-50.827072,123,3281.190299
157.454591,1000,3290.782532
280.390895,174,3292.50738
59.941815,128,3293.801378
273.089234,145,3295.034155
304.371563,211,3297.024685
7.933039,95,3298.044817
241.057195,420,3301.983983
279.995795,171,3303.723737
294.751667,300,3306.692628
302.171747,198,3308.500565
291.861644,153,3309.898793
271.702573,168,3311.346324
296.169903,180,3312.865943
271.723314,179,3314.375433
35.369873,112,3315.403219
269.308767,142,3316.780224
32.308302,89,3317.639489
28.856451,125,3318.922461
305.70742,237,3321.019264
276.915894,216,3322.991467
292.408961,145,3324.37297
60.708985,143,3325.73558
262.719471,156,3327.284273
143.248059,1000,3336.762804
267.263564,140,3338.037746
-13.128852,87,3339.004875
265.870867,185,3340.693195
287.17892,184,3342.436234
11.172186,117,3343.721022
282.051302,186,3345.694968
174.335574,1000,3354.680111
309.361618,181,3356.187339
258.381987,173,3357.710367
40.205198,103,3358.740105
152.652246,1000,3368.128753
272.042092,183,3369.807673
301.849253,203,3371.711031
294.473141,167,3373.452756
-1.68924,172,3375.317378
50.829072,103,3376.235396
265.894856,153,3377.739296
294.253071,189,3379.590244
51.284044,87,3380.396908
286.337623,191,3382.140126
272.895381,152,3383.559337
281.739531,151,3385.133795
264.022331,164,3386.881112
290.746383,202,3388.869647
40.205334,109,3389.836698
302.71882,187,3391.696453
44.084525,111,3392.818995
276.814389,167,3394.941863
286.460858,188,3396.694646
38.691832,91,3397.611299
286.859984,167,3399.571253
251.043736,154,3401.031896
283.268435,187,3402.845914
290.213641,169,3404.614763
75.191567,135,3405.954664
300.841241,169,3407.510322
47.105331,143,3409.038572
281.27586,195,3411.275142
277.121237,183,3413.137891
253.415847,165,3414.992574
4.321087,134,3416.399801
262.779663,166,3418.025104
62.280637,131,3419.505127
321.184126,174,3421.204831
275.921341,188,3422.942687
285.415494,151,3424.480345
-11.776936,84,3425.264917
263.414966,136,3426.474535
247.676817,191,3428.512104
275.936056,199,3430.333313
265.976202,191,3432.139896
254.217214,230,3434.217908
282.294966,893,3442.562135
297.700287,218,3444.668505
275.535662,214,3446.645914
300.160922,226,3448.794439
291.280594,197,3450.656507
278.198942,820,3458.792772
271.231483,823,3466.617061
278.437333,185,3468.292735
68.79052,132,3469.561939
3.300554,120,3470.719818
296.463659,186,3472.29349
274.266757,197,3474.064517
291.606275,175,3475.739322
274.796787,173,3477.3514
280.813892,224,3479.81858
276.282105,155,3481.506645
304.928831,180,3483.161042
300.978611,303,3486.155115
260.302095,494,3490.838374
295.417166,232,3492.962878
272.935814,145,3494.24355
85.187708,146,3495.797343
268.341306,175,3497.692509
256.351358,162,3499.34463
23.292247,128,3500.711368
278.929614,194,3502.492244
170.275345,1000,3512.089621
255.070844,164,3513.42345
294.728886,203,3515.555883
286.267849,206,3517.533019
27.806305,86,3518.253152
267.145432,200,3521.335806
274.43452,138,3522.564394
292.682786,153,3524.074075
303.6398,210,3525.971039
137.774496,1000,3535.731399
292.217009,181,3537.379143
288.803939,204,3539.337981
263.985385,170,3540.95625
275.186628,169,3542.563715
250.927813,178,3544.209157
268.476828,190,3546.145923
276.608725,266,3548.534248
64.522419,89,3549.373558
79.998792,127,3550.624285
238.613536,607,3556.731697
288.13138,177,3558.353873
12.051258,94,3559.339845
53.747692,83,3560.334131
290.183585,171,3561.850385
266.542681,259,3564.328314
156.97517,1000,3573.457443
49.787932,126,3574.687938
277.974335,158,3576.167248
284.503941,223,3578.146666
249.395103,962,3587.424023
279.195331,193,3589.331584
302.064283,204,3591.202007
288.053586,154,3592.750364
255.842217,151,3593.962089
270.550404,197,3595.694443
144.933434,1000,3605.143312
40.943619,102,3606.12099
315.766704,236,3608.463593
280.210905,198,3610.507029
1.420115,125,3611.845645
46.134285,108,3612.905102
186.593238,1000,3622.304672
319.307245,173,3624.01203
293.661929,954,3633.158397
245.437019,146,3634.364297
70.465407,115,3635.477287
41.52073,139,3636.808131
265.154005,160,3638.184391
-162.196109,191,3639.774555
322.722863,218,3641.571423
280.360223,524,3646.579406
-27.148714,97,3647.612965
254.453104,142,3648.944252
288.328493,215,3650.999414
284.18772,185,3652.86926
284.176771,173,3654.458795
41.030362,98,3655.401989
10.549345,92,3656.290512
275.601351,174,3658.06974
72.847363,83,3658.981723
34.061509,119,3660.249796
280.148716,835,3667.794406
280.322923,210,3669.818569
252.439336,172,3671.42934
165.493274,1000,3680.638988
44.425469,134,3681.807883
315.826067,191,3683.51491
282.516579,181,3685.133847
57.405942,130,3686.287347
307.436471,178,3688.01431
36.047017,102,3688.900786
38.131814,107,3690.076973
261.067615,212,3692.014344
-0.041013,123,3693.229634
292.584712,203,3695.095
301.704415,198,3697.078582
257.670618,165,3698.730565
289.169748,220,3700.946074
301.117798,157,3702.605535
-21.489982,115,3703.791922
40.926884,82,3704.622583
286.411594,196,3706.412294
312.214234,205,3708.379839
25.10296,71,3709.179719
24.459916,94,3710.10416
270.054239,256,3712.445041
310.047412,230,3714.591179
-2.035152,101,3715.73163
38.28835,116,3716.989751
1.134536,104,3718.005028
50.30378,79,3718.710303
26.318487,100,3719.619362
296.083199,181,3721.347611
-2.32137,91,3722.249914
18.503318,95,3723.082905
12.500424,122,3724.193124
253.380631,186,3726.021386
7.034981,94,3726.866362
55.430149,130,3728.180379
278.759193,165,3729.807752
166.790682,1000,3739.602201
248.748507,182,3741.426149
277.799531,203,3743.20361
-1.866842,73,3743.890635
282.476422,194,3745.993667
38.459171,98,3746.934292
15.201486,109,3747.974771
254.982165,180,3749.626299
39.175542,97,3750.603844
301.087646,187,3752.332524
43.542803,84,3753.278627
304.684977,225,3755.479653
269.810661,138,3756.61015
17.245476,108,3757.643762
26.090518,110,3759.847509
2.981836,109,3760.745792
278.949773,193,3762.716372
266.982112,187,3764.264146
282.470175,169,3765.82319
279.584771,188,3767.437905
64.294316,116,3768.582929
30.832843,107,3769.747665
159.867476,1000,3778.659695
273.389144,697,3784.421123
30.872657,115,3785.499661
243.545921,190,3787.207151
17.913456,78,3788.004491
252.897221,138,3789.279105
291.419407,238,3791.556925
307.930116,208,3793.391628
269.730961,494,3798.691095
181.77839,1000,3808.895793
31.972169,105,3809.909089
264.941299,477,3814.726839
175.371392,1000,3825.50397
305.770435,205,3827.570341
102.696574,1000,3837.90903
277.019832,215,3840.188438
57.355841,84,3840.952048
317.18884,232,3843.376107
307.688032,234,3845.710987
62.621762,118,3846.96165
29.155221,101,3848.037954
23.656157,108,3849.136449
273.472931,177,3850.92691
274.201224,151,3852.313646
277.208818,865,3860.660509
46.612511,166,3862.278225
256.954979,144,3863.721644
274.590332,181,3865.427723
236.801863,872,3873.560509
254.841093,159,3874.986493
277.693823,147,3876.443136
155.180237,1000,3886.282329
279.538991,138,3887.477521
150.968134,1000,3897.542556
263.052602,138,3898.792207
276.142397,230,3900.951589
277.301533,858,3909.405239
143.188366,1000,3918.588577
155.336477,1000,3927.79919
135.895913,1000,3937.70424
252.211271,240,3939.892441
304.234117,195,3941.712786
185.190633,1000,3951.247863
59.91017,123,3952.328214
267.040443,156,3954.008297
46.974982,145,3955.481534
270.248766,152,3957.090008
-8.022884,94,3958.009174
292.598596,165,3959.692621
166.359704,1000,3970.387623
29.897734,124,3971.962241
280.503561,194,3974.171986
281.10214,841,3983.904212
158.787239,1000,3994.308235
279.200166,147,3995.749865
308.030534,182,3997.554801
308.079587,222,3999.690448
288.652107,208,4001.850888
143.360074,1000,4013.910577
275.253675,200,4016.061165
308.620705,242,4018.675721
53.487147,81,4019.631781
263.673734,199,4021.622267
298.606722,197,4023.671323
246.2636,210,4026.006585
16.37812,89,4026.89922
64.412744,122,4028.20537
42.147677,94,4029.340867
270.742553,166,4031.0569
284.632232,601,4037.078708
237.349353,271,4039.514298
252.312764,147,4040.855967
282.336326,123,4041.939504
55.509488,85,4042.697479
289.69379,193,4044.704735
20.283199,118,4045.825192
252.976751,159,4047.294229
10.772294,104,4048.430452
296.129871,177,4050.12155
272.647055,253,4052.651629
66.364145,147,4054.12832
290.58782,260,4056.768624
265.823897,190,4058.672011
262.050322,159,4060.501366
164.896326,1000,4070.295541
10.517326,90,4071.244854
289.700778,171,4073.006253
262.54101,162,4074.499045
273.714603,150,4075.877317
292.510082,336,4079.031002
305.420743,153,4080.657852
246.221715,164,4082.159539
6.655554,105,4083.122831
250.005126,157,4085.076868
40.017338,114,4086.128943
279.848807,168,4087.719639
13.419632,110,4088.888513
275.529359,183,4090.765025
29.980521,78,4091.59615
282.952192,197,4093.529074
288.569311,207,4095.843398
264.322694,152,4097.247784
291.472053,196,4099.124287
227.673069,540,4104.647777
177.374861,1000,4114.509674
266.415301,727,4121.514797
294.635534,208,4123.608084
301.148433,219,4125.609213
165.188264,1000,4135.803783
24.632328,96,4136.656048
249.405549,171,4138.181662
46.381709,127,4139.398943
302.853353,213,4141.672265
304.407053,161,4143.035199
55.635355,101,4144.204354
311.214103,214,4146.17928
279.362943,158,4147.766063
307.43156,335,4151.009257
307.715132,184,4152.906189
258.178328,220,4155.033671
241.261847,185,4156.737881
291.450299,250,4159.2744
302.380885,329,4162.572171
299.785891,213,4164.82364
258.882273,616,4170.401242
15.887664,106,4171.622488
33.39432,97,4172.707412
305.145378,170,4174.479341
255.376145,862,4183.688402
64.896134,87,4184.592559
57.767322,143,4186.214923
278.665504,194,4188.409609
295.739858,163,4190.008499
258.929826,177,4191.680431
269.001327,151,4193.17336
284.284066,217,4195.351372
279.059118,195,4197.234978
263.548161,181,4199.094476
279.462528,257,4201.25819
288.858026,186,4203.215879
292.429727,197,4205.064249
274.798092,182,4206.709772
267.338963,189,4208.81748
275.587553,202,4210.924902
245.81622,157,4212.467686
313.108024,200,4214.407916
301.797351,274,4217.094656
59.360361,91,4218.053512
266.926042,171,4219.941955
276.284697,424,4224.971281
259.878442,174,4226.844069
19.984838,97,4228.116156
283.732739,207,4230.345926
247.984695,156,4232.035944
288.785164,218,4234.252219
279.803629,194,4236.517902
300.02953,216,4238.956176
15.957809,95,4240.066124
16.407685,105,4241.265774
297.878123,213,4243.578114
299.703761,174,4245.523884
266.502504,588,4252.483496
258.57522,172,4254.494393
17.195783,93,4255.463136
35.525148,99,4256.497994
272.195723,207,4259.180878
43.877829,88,4260.081306
131.958283,1000,4273.061682
261.199988,194,4275.105276
1.094883,98,4276.161371
40.907354,111,4277.367695
260.554007,548,4283.056956
5.64845,93,4283.97066
274.802641,163,4285.399346
36.948192,92,4286.342517
81.307956,79,4287.247662
289.915856,204,4289.366725
303.378494,181,4291.101731
268.490691,193,4292.96965
265.833391,145,4294.421953
232.30607,285,4297.431764
276.123312,246,4299.818926
276.005558,201,4301.758135
317.994586,169,4303.420381
-227.390817,91,4304.349199
289.955955,234,4306.508857
276.254758,182,4308.540254
252.234352,165,4310.189206
121.422327,1000,4319.915904
271.29778,147,4321.266415
285.356966,199,4323.338013
262.02144,348,4326.803805
295.830649,138,4328.204216
64.470554,141,4329.574233
268.409521,186,4331.412177
294.701735,261,4333.865928
283.392296,147,4335.474419
161.145152,1000,4345.688651
280.97787,640,4352.251841
270.025563,223,4354.468191
251.857526,171,4356.091215
61.448799,115,4357.18509
31.08752,117,4358.39362
292.14853,153,4359.797012
65.917168,138,4361.354438
267.078772,191,4363.362188
66.958376,120,4364.645762
248.29921,208,4366.765823
299.553799,207,4368.791915
59.121769,90,4369.637527
53.18718,139,4371.119792
241.710028,268,4373.792114
40.709257,123,4375.167713
311.275322,237,4377.71436
311.246167,226,4380.020792
28.323235,108,4381.057274
249.632758,155,4382.677716
241.841286,229,4385.091359
34.860979,90,4386.048137
261.732673,193,4388.102636
296.306156,159,4389.598802
266.778052,167,4391.38324
31.080553,109,4392.438348
286.521787,190,4394.22983
37.219584,70,4394.893381
57.488602,148,4396.233106
274.825433,154,4397.785037
288.934588,223,4399.950724
273.524679,182,4401.697949
303.408909,228,4403.922498
46.207091,113,4405.025702
61.526131,154,4406.570419
274.719029,337,4409.97145
289.767208,180,4411.766676
68.382042,121,4413.040325
294.975484,214,4415.325793
18.545915,131,4416.667446
289.195485,183,4418.684229
291.65115,161,4420.202542
275.700178,149,4421.510605
-2.114384,89,4422.628462
287.173036,182,4424.473661
312.72704,208,4426.682014
278.921206,176,4428.452673
286.156761,193,4430.484157
45.807316,114,4431.716153
38.821185,104,4432.587872
271.795675,175,4434.055902
15.860475,118,4435.287974
26.595314,93,4436.216904
291.527402,175,4438.13083
32.250404,131,4439.366794
265.584114,172,4440.981578
262.076392,178,4442.646326
254.906008,152,4443.989969
235.385787,171,4445.549709
260.00832,771,4452.827253
285.237923,211,4455.155162
52.360017,121,4456.295872
23.356229,79,4457.061163
54.505777,76,4457.979565
301.672124,228,4460.510328
315.085497,205,4462.895666
289.442612,218,4465.354721
276.129556,134,4466.745965
284.507863,211,4469.074181
40.139976,134,4470.397663
295.509708,197,4472.204054
265.216557,208,4474.381926
256.294333,174,4476.118903
59.625166,106,4477.29584
278.591972,159,4478.81217
73.981709,133,4479.977486
283.072479,186,4481.90448
275.639058,163,4483.388719
292.622651,184,4485.308765
49.972975,80,4486.194384
37.5256,129,4487.396901
58.066011,91,4488.386667
38.481257,120,4489.597477
51.636531,133,4490.834138
56.447977,148,4492.050312
261.887219,183,4493.640242
279.973175,213,4495.937381
271.085306,155,4497.463345
291.409047,185,4499.432102
280.588601,173,4501.057568
51.77971,150,4502.671151
265.633177,167,4504.424279
51.011676,114,4505.60507
294.290339,138,4506.881755
52.763148,111,4508.129817
33.014126,95,4509.220374
260.52871,201,4511.238097
248.242653,168,4512.757678
27.888472,103,4513.891356
298.884085,174,4515.476188
295.485437,203,4517.601519
276.33769,203,4520.63926
295.506982,233,4522.768364
262.169836,170,4524.46974
68.328124,114,4525.823617
36.628529,114,4527.078375
62.763497,140,4528.730408
281.109485,203,4530.670814
311.032005,216,4532.714131
290.367022,196,4534.778368
281.390968,181,4536.431956
6.18044,82,4537.275745
28.993207,122,4538.70665
70.504985,114,4540.051932
297.039159,208,4542.252332
261.379899,167,4544.005074
42.604658,122,4545.187671
254.015405,178,4546.846003
42.770349,136,4548.221434
286.31013,212,4550.288228
299.995706,205,4552.272599
270.470268,208,4554.274374
275.30262,171,4556.114699
61.707382,95,4557.114548
272.286812,146,4558.819032
295.88625,384,4562.615667
18.81426,82,4563.490195
295.567096,204,4565.636381
307.783833,224,4568.252929
44.054663,92,4569.378608
18.263149,96,4570.412457
298.608052,214,4572.536099
272.061606,185,4574.49028
258.73184,173,4576.296651
69.126039,142,4577.70117
42.684048,110,4578.950346
286.47769,150,4580.421033
36.585806,124,4581.822956
49.344879,118,4582.998942
299.187277,208,4585.125525
289.245997,205,4587.210678
289.703538,179,4589.04541
277.895115,209,4591.104995
29.45628,89,4592.136697
269.458235,192,4593.959054
274.301387,172,4595.538643
292.779566,571,4601.400085
50.062254,125,4602.490748
276.099401,189,4604.304043
298.481027,155,4605.872859
279.603708,186,4607.586114
70.568554,83,4608.422536
285.220507,203,4610.514323
29.735287,127,4611.904583
262.904638,176,4613.957161
69.017283,81,4614.715767
277.324836,178,4616.491109
296.721387,154,4618.147177
301.270569,233,4620.562843
294.279105,172,4622.45092
18.25713,85,4623.229985
305.909687,219,4625.461329
13.262649,93,4626.367642
293.648882,163,4627.958278
52.816207,136,4629.572412
25.543968,111,4630.694145
174.248381,1000,4640.525235
45.610097,98,4641.449256
287.642283,187,4643.163767
272.507046,182,4644.775173
-167.21508,210,4646.696964
304.648824,198,4648.559304
95.49447,203,4650.439335
185.958952,1000,4660.217978
268.08664,169,4662.069495
289.089933,211,4664.644099
299.8479,208,4667.117923
290.268618,182,4669.188044
293.542679,203,4671.137227
8.097091,121,4672.526389
52.575767,142,4673.993689
27.249336,111,4675.097076
316.434211,202,4677.368704
292.664508,164,4678.973755
303.45003,162,4680.597849
29.461917,107,4681.763241
278.270663,184,4683.860954
260.562088,891,4693.448278
283.236737,187,4695.436878
15.172942,92,4696.503864
276.516613,180,4698.387353
53.466758,113,4699.718879
278.278756,322,4703.236679
279.084834,167,4705.011524
296.456419,228,4707.26776
263.207047,167,4709.07872
282.729283,168,4710.641423
289.318146,188,4712.59761
76.718729,113,4713.575121
298.581066,177,4715.413345
268.919973,156,4717.039915
295.796544,146,4718.346861
36.130537,87,4719.2855
-2.26403,95,4720.274453
250.676648,161,4721.810033
279.224129,192,4723.538894
39.017151,101,4724.56686
74.531584,91,4725.505521
285.703546,179,4727.187183
184.323768,1000,4737.427739
259.696348,943,4746.802609
253.018846,159,4748.422356
44.283925,111,4749.601682
263.935008,168,4751.510912
265.132692,147,4752.999606
284.08488,192,4754.827672
301.81292,202,4756.860529
1.533013,83,4757.671471
286.600166,161,4759.153987
254.211702,165,4760.764249
61.390487,104,4761.835249
150.458757,727,4769.17684
39.072247,121,4770.439365
160.093014,1000,4782.630623
276.142021,172,4784.298586
35.725472,125,4785.527301
267.389518,169,4787.242263
291.449857,157,4788.810302
273.327055,188,4790.852139
156.681554,1000,4801.189333
292.926444,193,4802.939564
136.546786,1000,4813.004825
284.377509,169,4814.610788
-2.418218,81,4815.490083
280.528994,163,4817.057149
25.198481,86,4817.885039
12.123709,85,4818.753695
254.984144,160,4820.344993
61.778646,117,4821.579324
38.131113,135,4822.861159
62.39843,93,4823.932878
53.851578,123,4825.177615
49.111805,96,4826.19199
278.39336,173,4827.943237
264.230446,177,4829.613997
36.969546,121,4830.986856
178.250637,1000,4840.984589
48.414205,108,4842.063195
146.049724,1000,4851.678226
297.4098,220,4853.88943
295.448571,170,4855.593214
300.883671,158,4857.56051
293.206167,194,4859.619204
38.836918,111,4860.696037
290.389055,208,4862.982142
283.739654,175,4864.743109
29.415679,102,4865.631435
301.749529,170,4867.317686
34.982175,95,4868.340943
297.291773,198,4870.245529
299.098231,222,4872.337454
32.20779,112,4873.375593
281.018851,185,4874.900941
11.188545,95,4875.67865
-12.181246,76,4876.484201
308.369465,182,4878.199013
-0.142875,76,4879.029078
14.881302,96,4879.968721
50.211965,74,4880.60453
32.905154,113,4881.667292
312.443273,214,4883.597291
260.128781,167,4885.011396
38.999943,105,4886.018078
289.486278,189,4887.793612
297.009048,203,4889.677253
299.917763,197,4891.629159
35.972855,137,4892.922497
46.277155,130,4894.301894
297.319255,163,4895.90075
274.641405,171,4897.657819
19.105754,86,4898.600627
24.356131,86,4899.577173
293.995364,174,4901.369068
268.506967,161,4903.038364
267.925595,174,4904.930533
274.532428,181,4906.704801
51.440445,99,4907.763908
44.529764,111,4908.909148
262.045974,193,4910.593951
284.436328,175,4912.335477
281.340954,161,4913.727654
251.839229,183,4915.453828
18.911255,107,4916.578822
-0.786952,91,4917.522652
283.699824,182,4919.17167
52.051214,82,4919.840527
46.617294,108,4920.922657
282.114122,157,4922.227026
18.075934,93,4923.249419
58.686245,119,4924.225255
50.026303,81,4925.018828
292.108937,132,4926.324868
298.536022,209,4928.38306
288.999632,148,4929.803825
296.01537,182,4931.562158
264.963222,143,4933.074808
304.073094,190,4934.840689
293.355254,503,4940.001036
286.859439,187,4941.949552
283.453108,144,4943.237242
264.871225,152,4944.729317
250.531478,163,4946.275703
281.597055,171,4947.838914
-17.49139,83,4948.758453
279.421196,182,4950.550432
317.644676,197,4952.406944
51.921676,84,4953.361249
41.449209,81,4954.229249
4.441744,121,4955.526714
299.839116,206,4957.723949
57.403239,119,4958.979921
309.722799,192,4960.921359
255.813357,687,4967.694872
42.593342,113,4968.736998
53.193338,112,4969.7252
291.383399,161,4971.205408
314.688953,196,4972.979666
297.128747,202,4974.808423
254.34986,147,4976.142399
272.401711,793,4983.82022
292.386233,503,4988.585505
280.742834,206,4990.693412
284.869034,185,4992.575775
294.152054,185,4994.158211
36.068252,92,4995.143604
272.214165,172,4996.656845
304.828412,200,4998.40968
289.932962,195,5000.208911
41.20524,130,5001.343954
278.986496,151,5002.921813
262.746044,147,5004.293597
40.190313,103,5005.405005
45.518049,102,5006.489214
253.286568,180,5008.634511
28.964819,115,5009.802772
30.576747,109,5010.909601
20.568909,130,5012.301111
288.312302,173,5014.019885
307.719678,162,5015.483141
302.313543,205,5017.475821
286.439325,169,5019.132907
290.948344,185,5020.958535
50.590014,144,5022.343166
314.974369,213,5026.793153
55.662212,131,5028.147059
54.028427,77,5028.994543
276.809442,157,5030.382544
301.794539,171,5031.951554
55.741126,83,5032.811876
270.01574,159,5034.463846
48.777668,95,5035.473722
303.0977,153,5036.820294
283.2915,272,5039.196986
23.411424,96,5040.10928
46.29601,79,5040.825862
275.171451,186,5042.644336
289.374608,195,5044.44447
281.2734,164,5046.13964
37.083364,112,5047.18613
282.68599,151,5048.485077
307.981747,195,5050.217452
35.866687,72,5050.915291
292.843986,215,5052.777944
239.446879,356,5056.388325
264.040531,176,5058.123096
292.004501,196,5060.015382
267.370458,163,5061.586401
285.061026,185,5063.315942
35.11915,101,5064.440889
274.488778,144,5065.75355
16.222276,102,5066.881833
167.855767,1000,5077.156117
35.202738,77,5077.998142
291.511868,189,5079.757922
25.51513,92,5080.676906
256.955875,189,5082.459038
71.551607,135,5083.711529
45.074405,90,5084.523406
258.117744,156,5086.054317
23.70775,105,5087.04046
184.258837,1000,5097.181973
52.935252,78,5098.459955
139.476641,1000,5109.183099
275.106304,189,5111.177216
276.729275,171,5113.004927
282.258662,208,5115.038378
274.338985,384,5119.265207
32.453252,117,5120.443514
277.218234,154,5121.996486
290.10786,163,5123.693561
284.645064,164,5125.408516
75.963462,105,5126.532854
33.084865,122,5127.747534
284.668693,169,5129.393075
282.871955,207,5131.624249
306.128498,198,5133.645028
285.431052,164,5135.320863
300.816962,150,5136.997336
34.599407,137,5138.247686
251.136152,166,5139.805304
260.701365,180,5141.701903
-57.149701,81,5142.737601
267.424116,134,5143.918643
280.767761,192,5145.70314
289.293863,185,5147.521342
24.873324,138,5148.793848
5.939551,116,5149.942204
272.946052,203,5151.938702
268.967501,156,5153.418063
44.898081,106,5154.555477
286.024403,164,5156.155496
268.755867,169,5157.836279
267.3199,172,5159.399165
37.395237,87,5160.276561
25.361265,92,5161.174019
51.683662,89,5162.008742
31.583227,96,5162.848392
282.292153,184,5164.58814
253.298239,192,5166.508083
34.149575,115,5167.505254
291.158588,170,5169.049744
40.609032,71,5169.782312
252.676317,144,5171.126319
60.787441,115,5172.336091
33.133173,107,5173.43532
290.533588,159,5175.167074
287.979851,205,5177.039388
286.392868,193,5178.855298
25.113601,102,5179.831384
36.465332,98,5180.960411
291.159229,174,5182.697455
-25.239871,103,5183.856154
282.385184,201,5185.784095
305.882855,159,5187.191225
283.239386,133,5188.297792
290.883979,170,5189.570448
279.26116,166,5191.269332
273.973012,167,5192.784429
36.218928,79,5193.601814
23.465715,102,5194.660731
315.493378,198,5196.352882
289.523062,186,5197.843012
285.436399,199,5199.800323
257.444762,137,5201.018313
44.000117,110,5202.053885
293.939083,178,5203.498087
14.587272,97,5204.404944
295.448516,185,5205.95457
47.419162,112,5206.984464
29.529862,105,5207.853422
34.471546,92,5208.611504
20.020457,98,5209.518091
299.081105,198,5211.387211
53.884606,91,5212.269865
265.957522,146,5213.695311
305.091316,183,5215.58059
30.274751,101,5216.542705
36.333217,102,5217.489989
28.350996,110,5218.642661
299.188602,190,5220.538086
282.794402,197,5222.461005
247.982971,164,5224.009301
163.083077,1000,5234.028685
295.078356,203,5235.922846
301.512839,190,5237.690876
37.778689,75,5238.385339
290.816659,204,5240.381221
4.663349,126,5241.558986
36.954011,113,5242.670575
295.803056,154,5244.146807
263.933841,169,5245.629507
310.302382,204,5247.367043
188.530591,1000,5257.427014
281.903151,179,5259.213016
40.379749,128,5260.389986
290.846374,162,5261.867142
290.292439,184,5263.809103
66.749474,132,5265.135217
54.301875,79,5265.974732
9.316701,99,5267.038409
9.261783,82,5268.022299
298.780266,191,5269.917458
