#{"t_start": 1733392773.9881806, "env_id": "MountainCar-v0"}
r,l,t
-200.0,200,4.032865
-200.0,200,4.368791
-200.0,200,8.23418
-200.0,200,16.295424
-200.0,200,25.429863
-200.0,200,33.736549
-200.0,200,42.451811
-200.0,200,50.741749
-200.0,200,58.709168
-200.0,200,67.353831
-200.0,200,76.579373
-200.0,200,85.28873
-200.0,200,93.161753
-200.0,200,100.970792
-200.0,200,108.784977
-200.0,200,117.402876
-200.0,200,126.455056
-175.0,175,134.410615
-200.0,200,143.338638
-200.0,200,151.466818
-200.0,200,159.788859
-200.0,200,167.959726
-200.0,200,176.215631
-200.0,200,183.719093
-200.0,200,191.701474
-200.0,200,200.520088
-200.0,200,209.088707
-200.0,200,216.762171
-200.0,200,223.990551
-200.0,200,231.906563
-200.0,200,240.702835
-200.0,200,249.094205
-200.0,200,257.626507
-200.0,200,265.982539
-200.0,200,273.87376
-200.0,200,282.614566
-200.0,200,291.225096
-200.0,200,298.510439
-200.0,200,307.05988
-200.0,200,315.51594
-200.0,200,323.757533
-200.0,200,331.602957
-200.0,200,340.404655
-200.0,200,348.826107
-200.0,200,357.235815
-200.0,200,367.161302
-200.0,200,376.807869
-200.0,200,384.549469
-200.0,200,393.876343
-200.0,200,403.394857
-200.0,200,414.242252
-200.0,200,423.558957
-200.0,200,432.662877
-200.0,200,440.301711
-200.0,200,446.739534
-200.0,200,453.401721
-200.0,200,461.011215
-200.0,200,468.365036
-200.0,200,476.328964
-200.0,200,485.337083
-200.0,200,493.101708
-200.0,200,501.95699
-200.0,200,510.567307
-200.0,200,517.510213
-200.0,200,525.532588
-200.0,200,534.260792
-200.0,200,542.513989
-145.0,145,548.457075
-200.0,200,555.360951
-200.0,200,562.935337
-200.0,200,570.243137
-200.0,200,577.390752
-200.0,200,584.516547
-200.0,200,591.592543
-200.0,200,598.272091
-200.0,200,605.756847
-179.0,179,613.551611
-200.0,200,620.497951
-174.0,174,626.221156
-200.0,200,633.76354
-200.0,200,640.373358
-200.0,200,646.735645
-200.0,200,653.358589
-200.0,200,660.749918
-200.0,200,667.713304
-185.0,185,673.803843
-200.0,200,681.424637
-200.0,200,689.059113
-200.0,200,696.069021
-200.0,200,703.158433
-200.0,200,710.15942
-172.0,172,716.449897
-165.0,165,722.918123
-173.0,173,730.400551
-200.0,200,738.587148
-200.0,200,747.208982
-188.0,188,754.992608
-200.0,200,762.56635
-189.0,189,770.26946
-169.0,169,776.36342
-168.0,168,783.54228
-178.0,178,790.723221
-176.0,176,797.588268
-200.0,200,804.803448
-181.0,181,810.573869
-200.0,200,817.992417
-200.0,200,824.294086
-200.0,200,831.400017
-130.0,130,836.829973
-200.0,200,844.257028
-200.0,200,851.17085
-200.0,200,858.302459
-200.0,200,865.217995
-200.0,200,872.186414
-200.0,200,879.388803
-191.0,191,886.255114
-200.0,200,892.769808
-189.0,189,899.575345
-159.0,159,904.436068
-200.0,200,911.459839
-200.0,200,918.16356
-200.0,200,924.642989
-144.0,144,929.137305
-146.0,146,933.332474
-200.0,200,939.477651
-165.0,165,944.791678
-200.0,200,951.126939
-200.0,200,957.12904
-200.0,200,964.172952
-200.0,200,970.284958
-139.0,139,974.645489
-192.0,192,980.505751
-165.0,165,985.504744
-120.0,120,989.427697
-200.0,200,995.547829
-200.0,200,1002.002154
-196.0,196,1008.245581
-200.0,200,1014.838619
-200.0,200,1020.910895
-200.0,200,1027.095604
-148.0,148,1031.68101
-196.0,196,1037.467306
-200.0,200,1043.459333
-159.0,159,1048.12697
-200.0,200,1054.226599
-200.0,200,1059.755771
-177.0,177,1064.930066
-170.0,170,1070.092698
-144.0,144,1074.67485
-182.0,182,1081.259495
-200.0,200,1088.469685
-118.0,118,1092.63435
-200.0,200,1099.777354
-200.0,200,1106.280391
-185.0,185,1112.557425
-200.0,200,1118.869848
-200.0,200,1125.274993
-189.0,189,1131.344326
-200.0,200,1138.525693
-200.0,200,1145.542723
-200.0,200,1152.036219
-200.0,200,1158.216544
-191.0,191,1164.406943
-200.0,200,1170.219254
-200.0,200,1175.758957
-174.0,174,1181.454153
-163.0,163,1186.611894
-200.0,200,1193.196104
-200.0,200,1199.415645
-200.0,200,1205.317741
-200.0,200,1211.579097
-166.0,166,1216.684803
-200.0,200,1223.190833
-161.0,161,1228.413393
-158.0,158,1233.117051
-200.0,200,1239.358193
-200.0,200,1245.329127
-200.0,200,1251.36531
-200.0,200,1257.140743
-153.0,153,1261.939917
-200.0,200,1267.772569
-130.0,130,1271.333268
-166.0,166,1276.428576
-198.0,198,1281.857729
-200.0,200,1287.517311
-200.0,200,1292.732724
-200.0,200,1297.932484
-200.0,200,1303.50808
-197.0,197,1308.75624
-187.0,187,1313.519306
-200.0,200,1319.020256
-143.0,143,1323.082431
-200.0,200,1328.417555
-197.0,197,1334.031762
-191.0,191,1338.528935
-200.0,200,1343.9384
-200.0,200,1349.149092
-116.0,116,1352.432095
-174.0,174,1357.074709
-166.0,166,1361.676447
-155.0,155,1366.108634
-116.0,116,1369.479235
-172.0,172,1374.264619
-162.0,162,1378.572601
-200.0,200,1384.211448
-200.0,200,1390.056822
-200.0,200,1395.581734
-151.0,151,1399.49719
-193.0,193,1404.737647
-187.0,187,1409.575765
-188.0,188,1414.399868
-162.0,162,1418.936896
-200.0,200,1423.919523
-200.0,200,1429.46111
-131.0,131,1432.797528
-200.0,200,1439.159303
-149.0,149,1444.195464
-166.0,166,1449.017923
-156.0,156,1453.748552
-154.0,154,1458.531471
-153.0,153,1463.792059
-168.0,168,1468.819742
-200.0,200,1474.608165
-200.0,200,1480.035121
-174.0,174,1485.190647
-200.0,200,1491.473468
-156.0,156,1495.764071
-190.0,190,1501.422743
-200.0,200,1506.988039
-124.0,124,1510.951084
-200.0,200,1517.11811
-200.0,200,1522.702514
-200.0,200,1528.28574
-195.0,195,1533.736882
-178.0,178,1538.702128
-200.0,200,1544.73588
-155.0,155,1549.072203
-149.0,149,1552.826227
-200.0,200,1557.744499
-200.0,200,1562.344038
-200.0,200,1567.178268
-158.0,158,1571.218614
-153.0,153,1574.495764
-152.0,152,1577.931568
-200.0,200,1582.960794
-153.0,153,1586.681551
-159.0,159,1590.995754
-159.0,159,1595.042276
-91.0,91,1597.94511
-179.0,179,1602.548304
-170.0,170,1606.988067
-200.0,200,1611.78109
-156.0,156,1616.064604
-200.0,200,1621.283863
-200.0,200,1625.58944
-175.0,175,1629.547399
-200.0,200,1634.335352
-161.0,161,1638.655278
-174.0,174,1642.434498
-176.0,176,1646.77258
-156.0,156,1650.614748
-200.0,200,1654.605239
-200.0,200,1659.000247
-197.0,197,1663.673612
-200.0,200,1668.441768
-200.0,200,1673.651478
-189.0,189,1678.474912
-162.0,162,1682.244672
-200.0,200,1686.676733
-167.0,167,1690.412308
-185.0,185,1694.678843
-181.0,181,1698.640407
-200.0,200,1703.129332
-200.0,200,1708.01687
-200.0,200,1712.561149
-172.0,172,1716.018182
-152.0,152,1719.131572
-149.0,149,1722.337404
-133.0,133,1725.651667
-85.0,85,1727.409772
-169.0,169,1731.448923
-159.0,159,1734.862573
-154.0,154,1738.462384
-185.0,185,1742.212043
-184.0,184,1746.367033
-153.0,153,1749.805776
-165.0,165,1753.359729
-89.0,89,1755.486121
-92.0,92,1757.645125
-156.0,156,1760.783395
-188.0,188,1764.437941
-178.0,178,1768.226835
-172.0,172,1771.827555
-168.0,168,1775.769827
-168.0,168,1779.3484
-160.0,160,1782.483412
-162.0,162,1785.776089
-184.0,184,1789.262251
-187.0,187,1793.156928
-200.0,200,1798.046356
-164.0,164,1801.782369
-200.0,200,1806.311857
-200.0,200,1811.118439
-200.0,200,1816.098383
-200.0,200,1821.083027
-200.0,200,1825.890266
-200.0,200,1830.762543
-200.0,200,1835.346721
-179.0,179,1839.773067
-197.0,197,1844.085737
-200.0,200,1848.427891
-189.0,189,1852.887543
-200.0,200,1857.958025
-149.0,149,1861.836506
-200.0,200,1866.23932
-200.0,200,1871.122452
-200.0,200,1875.728122
-200.0,200,1880.549172
-200.0,200,1885.434518
-200.0,200,1889.408263
-200.0,200,1893.673697
-164.0,164,1897.283271
-165.0,165,1901.190953
-200.0,200,1904.943432
-200.0,200,1908.54555
-200.0,200,1912.671926
-200.0,200,1916.835688
-200.0,200,1920.46938
-200.0,200,1924.52444
-200.0,200,1928.432294
-200.0,200,1932.468405
-200.0,200,1936.671761
-200.0,200,1941.013598
-200.0,200,1945.251997
-164.0,164,1948.993173
-168.0,168,1952.030097
-170.0,170,1955.792513
-200.0,200,1959.781487
-190.0,190,1963.892531
-200.0,200,1968.290466
-200.0,200,1972.562906
-200.0,200,1976.13624
-200.0,200,1979.513999
-200.0,200,1983.217162
-200.0,200,1987.306484
-200.0,200,1991.247794
-162.0,162,1994.247178
-160.0,160,1997.403854
-200.0,200,2001.141622
-200.0,200,2004.905353
-200.0,200,2008.633218
-200.0,200,2012.425457
-200.0,200,2015.702178
-200.0,200,2018.729494
-179.0,179,2022.070837
-200.0,200,2024.972486
-200.0,200,2028.668184
-94.0,94,2030.228522
-200.0,200,2033.614448
-150.0,150,2036.852588
-92.0,92,2038.450369
-194.0,194,2041.867524
-200.0,200,2045.079911
-200.0,200,2048.576034
-200.0,200,2052.292473
-157.0,157,2055.300727
-152.0,152,2058.392386
-200.0,200,2062.054492
-200.0,200,2065.493045
-200.0,200,2069.105718
-200.0,200,2072.812236
-200.0,200,2076.199535
-200.0,200,2079.637687
-200.0,200,2083.317901
-200.0,200,2087.01478
-200.0,200,2090.234325
-200.0,200,2093.774928
-200.0,200,2097.232601
-200.0,200,2100.684361
-200.0,200,2103.741131
-169.0,169,2106.322876
-176.0,176,2109.007825
-156.0,156,2111.449342
-200.0,200,2114.395405
-88.0,88,2115.59149
-163.0,163,2117.934565
-159.0,159,2120.459963
-163.0,163,2123.100192
-200.0,200,2126.55092
-200.0,200,2129.318843
-130.0,130,2131.648563
-200.0,200,2134.2478
-147.0,147,2136.391065
-195.0,195,2139.47616
-200.0,200,2142.446643
-200.0,200,2145.353686
-162.0,162,2147.597165
-200.0,200,2150.260351
-200.0,200,2153.538566
-200.0,200,2156.905011
-200.0,200,2159.973508
-200.0,200,2163.54806
-200.0,200,2166.788285
-161.0,161,2170.481786
-167.0,167,2173.547026
-200.0,200,2177.081081
-168.0,168,2180.082724
-200.0,200,2183.27203
-200.0,200,2186.760138
-121.0,121,2188.794002
-129.0,129,2190.773142
-122.0,122,2192.744359
-122.0,122,2194.908206
-159.0,159,2197.511137
-179.0,179,2200.926253
-175.0,175,2203.686731
-165.0,165,2206.173042
-95.0,95,2208.164253
-200.0,200,2211.479383
-105.0,105,2213.187752
-168.0,168,2216.103179
-188.0,188,2218.757489
-96.0,96,2220.6765
-96.0,96,2222.035491
-200.0,200,2225.156726
-152.0,152,2227.817935
-155.0,155,2229.937297
-200.0,200,2232.978957
-165.0,165,2235.781629
-200.0,200,2238.984851
-90.0,90,2240.118396
-135.0,135,2242.206901
-200.0,200,2244.753038
-131.0,131,2246.492551
-200.0,200,2249.358526
-200.0,200,2252.164391
-200.0,200,2255.098018
-200.0,200,2258.12383
-148.0,148,2260.36809
-200.0,200,2263.174682
-200.0,200,2266.43037
-110.0,110,2268.002743
-182.0,182,2270.636896
-158.0,158,2272.974371
-200.0,200,2275.464107
-164.0,164,2277.828396
-98.0,98,2279.16135
-179.0,179,2281.576288
-155.0,155,2283.897698
-148.0,148,2285.877612
-160.0,160,2288.203939
-187.0,187,2290.833621
-161.0,161,2293.179613
-165.0,165,2295.586055
-170.0,170,2297.920641
-178.0,178,2300.434049
-87.0,87,2301.532784
-91.0,91,2302.876194
-200.0,200,2305.049885
-152.0,152,2306.929899
-94.0,94,2308.141846
-154.0,154,2309.897522
-150.0,150,2311.719696
-200.0,200,2313.852396
-120.0,120,2315.306726
-200.0,200,2317.84493
-122.0,122,2319.422225
-95.0,95,2320.491453
-200.0,200,2322.840703
-200.0,200,2325.184472
-129.0,129,2327.039662
-122.0,122,2328.435706
-98.0,98,2329.921603
-152.0,152,2331.631141
-163.0,163,2333.596481
-170.0,170,2335.234731
-136.0,136,2336.682146
-180.0,180,2338.449876
-200.0,200,2341.047985
-117.0,117,2342.338455
-133.0,133,2343.94251
-200.0,200,2346.391498
-121.0,121,2347.83451
-200.0,200,2349.718541
-200.0,200,2351.657834
-119.0,119,2353.046892
-200.0,200,2355.441683
-186.0,186,2357.780419
-171.0,171,2359.802501
-124.0,124,2361.085887
-200.0,200,2363.217519
-160.0,160,2364.709415
-124.0,124,2366.170598
-200.0,200,2368.133419
-113.0,113,2369.291897
-200.0,200,2370.951473
-161.0,161,2372.434829
-179.0,179,2374.478322
-155.0,155,2375.731321
-200.0,200,2377.590955
-163.0,163,2379.16134
-167.0,167,2380.725079
-111.0,111,2381.764816
-126.0,126,2383.077658
-124.0,124,2384.136469
-111.0,111,2385.294125
-115.0,115,2386.199459
-139.0,139,2387.562355
-115.0,115,2388.602628
-200.0,200,2390.246607
-112.0,112,2391.309289
-87.0,87,2391.940122
-152.0,152,2393.236841
-103.0,103,2394.180802
-200.0,200,2395.702263
-200.0,200,2397.496679
-91.0,91,2398.280743
-172.0,172,2399.820316
-200.0,200,2401.634234
-152.0,152,2403.102067
-85.0,85,2403.832124
-160.0,160,2405.193346
-200.0,200,2406.827602
-200.0,200,2408.418661
-87.0,87,2409.19482
-200.0,200,2410.79135
-164.0,164,2412.442147
-84.0,84,2413.225642
-200.0,200,2414.64227
-173.0,173,2415.887864
-157.0,157,2417.221383
-121.0,121,2418.348989
-136.0,136,2419.456955
-145.0,145,2420.647144
-139.0,139,2421.938241
-98.0,98,2422.505401
-87.0,87,2423.195763
-156.0,156,2424.376402
-88.0,88,2425.081253
-200.0,200,2427.001735
-111.0,111,2427.847094
-110.0,110,2428.577856
-113.0,113,2429.511466
-108.0,108,2430.531448
-117.0,117,2431.529537
-115.0,115,2432.369221
-109.0,109,2433.387264
-86.0,86,2434.066461
-176.0,176,2435.47083
-107.0,107,2436.340271
-200.0,200,2437.965472
-98.0,98,2438.655766
-120.0,120,2439.373381
-162.0,162,2440.545162
-200.0,200,2442.391509
-153.0,153,2443.584433
-181.0,181,2444.798727
-200.0,200,2446.09161
-200.0,200,2447.579981
-84.0,84,2448.248355
-200.0,200,2449.522855
-85.0,85,2450.175066
-200.0,200,2451.576166
-200.0,200,2452.883363
-164.0,164,2454.368429
-200.0,200,2455.801584
-200.0,200,2457.595541
-200.0,200,2458.744226
-92.0,92,2459.354176
-200.0,200,2460.590773
-109.0,109,2461.509729
-171.0,171,2462.613607
-91.0,91,2463.341288
-200.0,200,2464.73315
-93.0,93,2465.427549
-94.0,94,2466.049787
-106.0,106,2466.680669
-200.0,200,2467.919046
-165.0,165,2468.989089
-92.0,92,2469.616783
-200.0,200,2471.069592
-118.0,118,2471.74946
-200.0,200,2472.95841
-93.0,93,2473.643654
-85.0,85,2474.277279
-140.0,140,2475.33517
-167.0,167,2476.292082
-90.0,90,2476.863442
-93.0,93,2477.516578
-174.0,174,2478.583598
-161.0,161,2479.824052
-164.0,164,2480.857943
-150.0,150,2481.779932
-177.0,177,2482.888935
-176.0,176,2484.062253
-200.0,200,2485.528685
-200.0,200,2486.67895
-125.0,125,2487.330974
-141.0,141,2488.28531
-130.0,130,2489.070911
-100.0,100,2489.662507
-112.0,112,2490.213361
-101.0,101,2490.631709
-115.0,115,2491.500733
-114.0,114,2492.090589
-86.0,86,2492.674261
-113.0,113,2493.517723
-88.0,88,2494.275533
-117.0,117,2494.815491
-118.0,118,2495.844586
-88.0,88,2496.414488
-112.0,112,2497.299997
-99.0,99,2497.960457
-119.0,119,2498.725121
-86.0,86,2499.316819
-126.0,126,2500.240484
-86.0,86,2500.795963
-119.0,119,2501.381411
-90.0,90,2502.060379
-200.0,200,2503.286281
-198.0,198,2504.647886
-200.0,200,2505.701474
-90.0,90,2506.402727
-200.0,200,2507.377612
-90.0,90,2507.764238
-197.0,197,2509.082092
-86.0,86,2509.462105
-120.0,120,2510.225065
-115.0,115,2511.224674
-115.0,115,2512.042283
-113.0,113,2512.664869
-115.0,115,2513.632924
-116.0,116,2514.476011
-115.0,115,2515.340057
-86.0,86,2515.964023
-115.0,115,2517.160334
-101.0,101,2517.75896
-166.0,166,2519.000147
-116.0,116,2520.489597
-99.0,99,2521.069127
-89.0,89,2521.764944
-120.0,120,2522.543369
-120.0,120,2523.483531
-120.0,120,2524.470677
-165.0,165,2525.787375
-118.0,118,2526.511835
-114.0,114,2527.592643
-112.0,112,2528.34381
-87.0,87,2528.87911
-120.0,120,2529.796817
-88.0,88,2530.43398
-112.0,112,2531.4405
-162.0,162,2532.746305
-104.0,104,2533.711698
-116.0,116,2534.721769
-89.0,89,2535.49586
-100.0,100,2536.493487
-151.0,151,2537.710057
-200.0,200,2539.393479
-200.0,200,2541.22681
-200.0,200,2542.85847
-200.0,200,2544.463477
-120.0,120,2545.346603
-134.0,134,2546.401958
-125.0,125,2547.632546
-112.0,112,2548.388186
-108.0,108,2549.177843
-118.0,118,2550.232708
-115.0,115,2551.07292
-110.0,110,2551.72415
-117.0,117,2552.55986
-113.0,113,2553.352371
-157.0,157,2554.371839
-102.0,102,2555.144105
-186.0,186,2556.802826
-117.0,117,2557.650471
-85.0,85,2558.299897
-111.0,111,2559.024977
-112.0,112,2559.734607
-113.0,113,2560.510983
-116.0,116,2561.267277
-200.0,200,2562.860042
-113.0,113,2563.719239
-116.0,116,2564.865614
-200.0,200,2566.227963
-106.0,106,2567.323218
-87.0,87,2567.975319
-200.0,200,2569.628569
-91.0,91,2570.16852
-113.0,113,2571.045741
-113.0,113,2571.885575
-116.0,116,2572.716531
-116.0,116,2573.758229
-117.0,117,2574.631553
-109.0,109,2575.401322
-88.0,88,2576.234476
-115.0,115,2577.150475
-113.0,113,2577.901844
-109.0,109,2578.551518
-117.0,117,2579.424526
-108.0,108,2580.288194
-92.0,92,2580.973056
-90.0,90,2581.741551
-112.0,112,2582.746912
-114.0,114,2583.618459
-106.0,106,2584.322951
-106.0,106,2585.160575
-96.0,96,2585.913014
-109.0,109,2586.77195
-105.0,105,2587.397306
-163.0,163,2588.482221
-95.0,95,2589.112286
-166.0,166,2590.18275
-108.0,108,2590.953146
-163.0,163,2592.238179
-108.0,108,2593.007335
-107.0,107,2593.782876
-98.0,98,2594.499941
-110.0,110,2595.307393
-121.0,121,2596.100463
-87.0,87,2596.796042
-85.0,85,2597.415337
-109.0,109,2598.198472
-87.0,87,2598.825624
-104.0,104,2599.557996
-101.0,101,2600.194446
-105.0,105,2600.840189
-105.0,105,2601.454753
-102.0,102,2602.064573
-107.0,107,2602.81826
-105.0,105,2603.468306
-104.0,104,2604.081565
-106.0,106,2604.655619
-105.0,105,2605.280319
-102.0,102,2605.938742
-95.0,95,2606.647223
-105.0,105,2607.36913
-107.0,107,2607.971121
-106.0,106,2608.887619
-102.0,102,2609.559079
-106.0,106,2610.278053
-110.0,110,2611.095012
-87.0,87,2611.969467
-106.0,106,2612.610197
-116.0,116,2613.235882
-87.0,87,2613.955317
-89.0,89,2614.482897
-94.0,94,2615.203482
-115.0,115,2616.055064
-87.0,87,2616.812841
-120.0,120,2617.74826
-121.0,121,2618.442176
-87.0,87,2619.063977
-92.0,92,2619.724406
-86.0,86,2620.3649
-122.0,122,2621.045322
-114.0,114,2621.883983
-117.0,117,2622.75184
-115.0,115,2623.489864
-113.0,113,2624.35065
-111.0,111,2625.157637
-123.0,123,2626.106639
-124.0,124,2626.909892
-86.0,86,2627.412884
-85.0,85,2627.944798
-115.0,115,2628.551134
-118.0,118,2629.319448
-121.0,121,2630.04292
-89.0,89,2630.700344
-118.0,118,2631.265394
-114.0,114,2632.030939
-117.0,117,2632.742882
-107.0,107,2633.410088
-106.0,106,2634.544177
-107.0,107,2635.291102
-106.0,106,2635.996197
-89.0,89,2636.698715
-115.0,115,2637.66357
-84.0,84,2638.1749
-110.0,110,2639.14361
-107.0,107,2640.000637
-112.0,112,2640.882396
-108.0,108,2641.876639
-108.0,108,2642.686142
-88.0,88,2643.247749
-110.0,110,2644.137122
-102.0,102,2644.798416
-86.0,86,2645.282661
-107.0,107,2646.203655
-114.0,114,2646.955612
-85.0,85,2647.582316
-115.0,115,2648.305936
-85.0,85,2648.859033
-115.0,115,2649.638461
-114.0,114,2650.47701
-114.0,114,2651.352252
-114.0,114,2652.088795
-113.0,113,2652.750851
-103.0,103,2653.470744
-109.0,109,2654.421592
-110.0,110,2655.291866
-110.0,110,2656.153377
-88.0,88,2656.737741
-85.0,85,2657.397993
-118.0,118,2658.124012
-120.0,120,2658.909683
-92.0,92,2659.567177
-111.0,111,2660.358452
-99.0,99,2661.009537
-110.0,110,2661.775784
-199.0,199,2663.125231
-114.0,114,2664.035942
-110.0,110,2664.709843
-112.0,112,2665.788917
-114.0,114,2666.727987
-107.0,107,2667.452908
-115.0,115,2668.225838
-114.0,114,2669.125611
-87.0,87,2669.714826
-86.0,86,2670.440717
-87.0,87,2671.040207
-111.0,111,2671.613202
-102.0,102,2672.232845
-117.0,117,2673.070095
-113.0,113,2673.683455
-97.0,97,2674.399867
-107.0,107,2675.102899
-110.0,110,2675.825753
-104.0,104,2676.622102
-110.0,110,2677.374505
-110.0,110,2678.206283
-84.0,84,2678.720978
-84.0,84,2679.281886
-133.0,133,2680.132186
-121.0,121,2680.836217
-102.0,102,2681.504928
-128.0,128,2682.326635
-97.0,97,2683.225754
-110.0,110,2683.948451
-84.0,84,2684.477274
-119.0,119,2685.46535
-116.0,116,2686.157652
-85.0,85,2686.776789
-108.0,108,2687.639126
-116.0,116,2688.561428
-107.0,107,2689.368199
-105.0,105,2689.907157
-103.0,103,2690.39937
-102.0,102,2691.333669
-108.0,108,2692.034964
-102.0,102,2692.742108
-110.0,110,2693.453423
-106.0,106,2693.936078
-108.0,108,2694.84965
-104.0,104,2695.603323
-106.0,106,2696.28516
-105.0,105,2697.059124
-93.0,93,2697.67164
-116.0,116,2698.524933
-93.0,93,2699.149503
-112.0,112,2699.914705
-110.0,110,2700.74185
-109.0,109,2701.425519
-96.0,96,2702.058931
-86.0,86,2702.65453
-104.0,104,2703.463433
-90.0,90,2704.114371
-83.0,83,2704.693981
-110.0,110,2705.498879
-96.0,96,2706.14591
-95.0,95,2706.737337
-109.0,109,2707.58159
-112.0,112,2708.560098
-89.0,89,2709.206902
-90.0,90,2709.8461
-116.0,116,2710.407701
-117.0,117,2711.050976
-119.0,119,2711.891799
-103.0,103,2712.484308
-88.0,88,2713.093401
-117.0,117,2713.754906
-115.0,115,2714.400224
-116.0,116,2715.193898
-88.0,88,2715.761546
-116.0,116,2716.559878
-104.0,104,2717.228308
-114.0,114,2718.149694
-105.0,105,2718.783323
-107.0,107,2719.44745
-85.0,85,2719.987896
-105.0,105,2720.743585
-107.0,107,2721.610679
-104.0,104,2722.30161
-108.0,108,2722.960442
-85.0,85,2723.634926
-108.0,108,2724.364586
-108.0,108,2724.990161
-108.0,108,2725.511579
-105.0,105,2726.150011
-176.0,176,2727.34706
-109.0,109,2727.954726
-93.0,93,2728.454837
-108.0,108,2729.043295
-105.0,105,2729.828816
-147.0,147,2730.778547
-144.0,144,2731.796961
-85.0,85,2732.225281
-85.0,85,2732.874953
-84.0,84,2733.353916
-117.0,117,2734.137566
-105.0,105,2734.881972
-160.0,160,2735.887444
-154.0,154,2736.732243
-111.0,111,2737.621843
-115.0,115,2738.414482
-86.0,86,2738.932558
-165.0,165,2740.074531
-96.0,96,2740.807009
-131.0,131,2741.817316
-134.0,134,2742.75824
-131.0,131,2743.690996
-91.0,91,2744.194149
-137.0,137,2744.961451
-89.0,89,2745.531777
-155.0,155,2746.510743
-98.0,98,2747.258755
-132.0,132,2748.399675
-99.0,99,2749.1039
-138.0,138,2750.072687
-104.0,104,2750.783048
-99.0,99,2751.38932
-94.0,94,2751.808282
-96.0,96,2752.394281
-97.0,97,2753.142956
-140.0,140,2753.98596
-99.0,99,2754.550211
-94.0,94,2755.141345
-140.0,140,2756.265246
-101.0,101,2756.939194
-144.0,144,2757.876686
-138.0,138,2758.815171
-114.0,114,2759.68889
-131.0,131,2760.594619
-121.0,121,2761.302161
-89.0,89,2761.822008
-147.0,147,2762.860544
-91.0,91,2763.423837
-120.0,120,2764.23846
-116.0,116,2765.014514
-121.0,121,2765.756468
-118.0,118,2766.518771
-87.0,87,2767.205993
-106.0,106,2767.886113
-104.0,104,2768.581007
-116.0,116,2769.403424
-158.0,158,2770.364839
-96.0,96,2770.94358
-112.0,112,2771.572592
-87.0,87,2772.308959
-89.0,89,2772.945399
-89.0,89,2773.407977
-117.0,117,2774.14658
-88.0,88,2774.711972
-114.0,114,2775.360684
-115.0,115,2776.095874
-90.0,90,2776.832247
-95.0,95,2777.421182
-84.0,84,2778.022033
-88.0,88,2778.672741
-149.0,149,2779.58717
-134.0,134,2780.348882
-131.0,131,2781.134955
-148.0,148,2782.04922
-148.0,148,2783.362838
-173.0,173,2784.311542
-99.0,99,2784.917376
-91.0,91,2785.432103
-158.0,158,2786.291006
-158.0,158,2787.126793
-85.0,85,2787.6167
-181.0,181,2788.903339
-151.0,151,2790.151664
-154.0,154,2791.139237
-88.0,88,2791.76672
-88.0,88,2792.39619
-151.0,151,2793.593026
-149.0,149,2794.698232
-151.0,151,2795.529858
-154.0,154,2796.599674
-117.0,117,2797.324697
-90.0,90,2797.788083
-110.0,110,2798.749489
-88.0,88,2799.396355
-108.0,108,2800.311339
-111.0,111,2800.978319
-109.0,109,2801.715626
-130.0,130,2802.519011
-140.0,140,2803.556853
-156.0,156,2804.906342
-151.0,151,2805.91438
-118.0,118,2806.796141
-115.0,115,2807.655146
-152.0,152,2808.609791
-115.0,115,2809.446902
-115.0,115,2810.046357
-95.0,95,2810.567625
-114.0,114,2811.278008
-116.0,116,2811.990131
-87.0,87,2812.625392
-92.0,92,2813.198363
-95.0,95,2813.987742
-85.0,85,2814.630395
-106.0,106,2815.331226
-84.0,84,2815.913158
-157.0,157,2816.927917
-86.0,86,2817.676775
-93.0,93,2818.54764
-88.0,88,2819.316603
-147.0,147,2820.352798
-104.0,104,2820.979203
-152.0,152,2821.898988
-171.0,171,2823.276643
-150.0,150,2824.210714
-86.0,86,2824.823157
-152.0,152,2825.856346
-91.0,91,2826.428768
-110.0,110,2827.35804
-85.0,85,2827.905931
-145.0,145,2828.878569
-104.0,104,2829.656067
-152.0,152,2830.753412
-164.0,164,2832.104379
-117.0,117,2832.85305
-152.0,152,2833.944791
-126.0,126,2835.174376
-111.0,111,2835.890574
-137.0,137,2836.651317
-116.0,116,2837.666641
-122.0,122,2838.613123
-178.0,178,2839.997838
-176.0,176,2841.099244
-126.0,126,2841.739456
-89.0,89,2842.515514
-92.0,92,2843.094912
-155.0,155,2844.142722
-91.0,91,2844.659494
-170.0,170,2845.845202
-158.0,158,2847.238091
-94.0,94,2847.914775
-177.0,177,2849.280976
-122.0,122,2850.011375
-126.0,126,2850.888678
-93.0,93,2851.542204
-120.0,120,2852.462352
-111.0,111,2853.06106
-89.0,89,2853.568194
-170.0,170,2854.581199
-90.0,90,2855.053222
-130.0,130,2855.928368
-112.0,112,2856.808782
-102.0,102,2857.635793
-99.0,99,2858.310397
-166.0,166,2859.305732
-156.0,156,2860.413142
-128.0,128,2861.324372
-87.0,87,2861.943077
-181.0,181,2863.072972
-118.0,118,2863.983355
-112.0,112,2864.955216
-111.0,111,2865.809686
-108.0,108,2866.544922
-191.0,191,2867.826402
-106.0,106,2868.362657
-107.0,107,2869.041251
-113.0,113,2869.843271
-164.0,164,2870.997347
-118.0,118,2871.855686
-106.0,106,2872.455194
-109.0,109,2873.061962
-91.0,91,2873.721233
-112.0,112,2874.627831
-106.0,106,2875.281172
-124.0,124,2876.011918
-150.0,150,2877.137646
-124.0,124,2877.89364
-132.0,132,2878.912449
-130.0,130,2879.957629
-200.0,200,2881.25699
-84.0,84,2881.80778
-84.0,84,2882.293
-167.0,167,2883.52417
-84.0,84,2884.102978
-135.0,135,2885.105016
-159.0,159,2886.05057
-137.0,137,2887.225119
-86.0,86,2887.800629
-109.0,109,2888.674616
-85.0,85,2889.207286
-158.0,158,2890.283196
-107.0,107,2891.167103
-121.0,121,2892.04744
-111.0,111,2893.135121
-89.0,89,2893.801347
-115.0,115,2894.918386
-104.0,104,2895.773025
-151.0,151,2896.848835
-122.0,122,2897.537165
-149.0,149,2898.576813
-89.0,89,2899.0615
-192.0,192,2900.802731
-106.0,106,2901.752773
-115.0,115,2902.692303
-86.0,86,2903.221663
-153.0,153,2904.501552
-188.0,188,2905.960711
-96.0,96,2906.61487
-114.0,114,2907.488179
-94.0,94,2908.329409
-92.0,92,2908.805273
-92.0,92,2909.371399
-86.0,86,2910.019113
-85.0,85,2910.676341
-149.0,149,2911.674688
-105.0,105,2912.470685
-90.0,90,2913.263113
-88.0,88,2914.007563
-86.0,86,2914.570528
-147.0,147,2915.597985
-111.0,111,2916.499923
-146.0,146,2917.676088
-85.0,85,2918.447571
-110.0,110,2919.152574
-112.0,112,2919.937155
-119.0,119,2920.696313
-94.0,94,2921.437903
-126.0,126,2922.456783
-91.0,91,2923.157917
-110.0,110,2923.878365
-85.0,85,2924.61612
-83.0,83,2925.125475
-89.0,89,2925.793695
-113.0,113,2926.632964
-88.0,88,2927.357502
-93.0,93,2928.076499
-91.0,91,2928.83961
-113.0,113,2929.925942
-111.0,111,2930.733737
-154.0,154,2931.977139
-88.0,88,2932.721591
-96.0,96,2933.568187
-156.0,156,2934.886729
-91.0,91,2935.528123
-113.0,113,2936.310354
-113.0,113,2936.963155
-117.0,117,2937.866255
-88.0,88,2938.411736
-115.0,115,2939.245325
-164.0,164,2940.504519
-111.0,111,2941.239252
-94.0,94,2941.762734
-108.0,108,2942.757812
-200.0,200,2944.265304
-111.0,111,2945.240062
-109.0,109,2946.23429
-87.0,87,2946.686273
-106.0,106,2947.506536
-88.0,88,2948.060756
-116.0,116,2949.003151
-149.0,149,2950.133645
-156.0,156,2951.103159
-91.0,91,2951.815491
-96.0,96,2952.555166
-92.0,92,2953.031846
-86.0,86,2953.714364
-110.0,110,2954.574512
-89.0,89,2955.141102
-200.0,200,2956.493361
-112.0,112,2957.35906
-112.0,112,2958.146983
-111.0,111,2958.701631
-109.0,109,2959.647589
-200.0,200,2961.259354
-200.0,200,2962.879558
-156.0,156,2964.086144
-106.0,106,2964.816487
-147.0,147,2965.850618
-113.0,113,2966.547767
-150.0,150,2967.68813
-92.0,92,2968.254217
-87.0,87,2968.783329
-89.0,89,2969.309863
-146.0,146,2970.218739
-150.0,150,2971.16889
-88.0,88,2971.690983
-86.0,86,2972.319234
-200.0,200,2973.84495
-200.0,200,2975.203654
-200.0,200,2976.531786
-85.0,85,2976.970865
-94.0,94,2977.406426
-91.0,91,2978.036938
-200.0,200,2979.151329
-150.0,150,2980.20363
-90.0,90,2980.818622
-89.0,89,2981.353097
-176.0,176,2982.448248
-174.0,174,2984.063424
-178.0,178,2985.256664
-95.0,95,2986.030858
-172.0,172,2987.330275
-177.0,177,2988.484289
-149.0,149,2989.357513
-91.0,91,2989.932018
-87.0,87,2990.596509
-157.0,157,2991.501744
-94.0,94,2991.971048
-87.0,87,2992.574239
-161.0,161,2993.549946
-84.0,84,2994.124353
-159.0,159,2995.377607
-159.0,159,2996.302562
-155.0,155,2997.314093
-200.0,200,2998.767007
-156.0,156,3000.067812
-84.0,84,3000.750361
-155.0,155,3001.887395
-89.0,89,3002.423832
-93.0,93,3003.254206
-103.0,103,3004.016802
-159.0,159,3005.236697
-84.0,84,3005.788935
-178.0,178,3007.163342
-200.0,200,3008.593872
-154.0,154,3009.544478
-200.0,200,3010.964627
-200.0,200,3012.532553
-200.0,200,3013.941384
-155.0,155,3015.004463
-88.0,88,3015.61459
-181.0,181,3017.040596
-91.0,91,3017.594992
-106.0,106,3018.33138
-154.0,154,3019.436517
-85.0,85,3020.005098
-93.0,93,3020.555455
-107.0,107,3021.412045
-102.0,102,3022.343211
-154.0,154,3023.55554
-107.0,107,3024.342091
-150.0,150,3025.547202
-124.0,124,3026.503121
-117.0,117,3027.355872
-109.0,109,3028.170752
-84.0,84,3028.927258
-140.0,140,3030.162678
-112.0,112,3030.77151
-112.0,112,3031.435083
-144.0,144,3032.363258
-110.0,110,3033.111684
-112.0,112,3033.919578
-136.0,136,3034.96202
-107.0,107,3035.674852
-113.0,113,3036.678858
-98.0,98,3037.32459
-111.0,111,3038.310659
-106.0,106,3038.94776
-95.0,95,3039.511576
-110.0,110,3040.395625
-107.0,107,3041.188255
-109.0,109,3041.890483
-106.0,106,3042.59795
-161.0,161,3043.850997
-114.0,114,3044.795921
-107.0,107,3045.599058
-109.0,109,3046.388063
-109.0,109,3047.106987
-109.0,109,3047.938771
-105.0,105,3048.64971
-104.0,104,3049.48616
-110.0,110,3050.295725
-109.0,109,3051.047526
-109.0,109,3051.919819
-109.0,109,3052.711849
-108.0,108,3053.380418
-108.0,108,3054.160583
-105.0,105,3054.907659
-107.0,107,3055.523228
-109.0,109,3056.41092
-114.0,114,3057.251237
-111.0,111,3058.015468
-107.0,107,3058.816996
-118.0,118,3059.733486
-107.0,107,3060.350471
-139.0,139,3061.128258
-108.0,108,3061.844679
-89.0,89,3062.345557
-109.0,109,3063.188506
-111.0,111,3063.971392
-107.0,107,3064.665189
-115.0,115,3065.458234
-107.0,107,3066.084434
-107.0,107,3066.893742
-155.0,155,3068.053035
-130.0,130,3069.080813
-171.0,171,3070.344218
-122.0,122,3071.336077
-113.0,113,3072.160796
-109.0,109,3072.836072
-108.0,108,3073.641972
-113.0,113,3074.274712
-105.0,105,3075.179382
-116.0,116,3075.959082
-103.0,103,3076.617473
-118.0,118,3077.459456
-115.0,115,3078.343017
-113.0,113,3079.190891
-113.0,113,3079.972526
-109.0,109,3080.832621
-109.0,109,3081.717572
-110.0,110,3082.417545
-110.0,110,3083.174802
-110.0,110,3083.836596
-110.0,110,3084.494607
-110.0,110,3085.353783
-111.0,111,3086.172572
-111.0,111,3087.026582
-101.0,101,3087.818464
-103.0,103,3088.569535
-85.0,85,3089.146929
-87.0,87,3089.745854
-93.0,93,3090.415007
-92.0,92,3091.110729
-110.0,110,3091.84998
-111.0,111,3092.491912
-142.0,142,3093.365898
-110.0,110,3094.330601
-111.0,111,3094.999893
-95.0,95,3095.806935
-109.0,109,3096.708301
-103.0,103,3097.391601
-107.0,107,3098.153215
-89.0,89,3098.879115
-107.0,107,3099.476182
-84.0,84,3100.061392
-93.0,93,3100.745861
-109.0,109,3101.427246
-111.0,111,3102.082821
-109.0,109,3102.710922
-109.0,109,3103.554766
-104.0,104,3104.337537
-93.0,93,3104.96296
-88.0,88,3105.585647
-103.0,103,3106.260822
-108.0,108,3106.959248
-105.0,105,3107.677383
-83.0,83,3108.040314
-106.0,106,3108.590357
-103.0,103,3109.138883
-106.0,106,3110.071217
-86.0,86,3110.523972
-115.0,115,3111.373934
-88.0,88,3111.945268
-101.0,101,3112.597199
-109.0,109,3113.290421
-107.0,107,3113.875148
-112.0,112,3114.613898
-105.0,105,3115.234539
-100.0,100,3115.674736
-85.0,85,3116.33259
-107.0,107,3117.070659
-105.0,105,3117.68177
-110.0,110,3118.469148
-109.0,109,3119.202275
-109.0,109,3119.824019
-114.0,114,3120.59039
-116.0,116,3121.530407
-112.0,112,3122.245608
-109.0,109,3122.965704
-108.0,108,3123.58368
-85.0,85,3124.091187
-104.0,104,3124.676062
-111.0,111,3125.17628
-111.0,111,3125.893543
-122.0,122,3126.597366
-112.0,112,3127.289598
-110.0,110,3127.756694
-109.0,109,3128.371639
-113.0,113,3128.945638
-91.0,91,3129.568026
-114.0,114,3130.19169
-89.0,89,3130.913224
-107.0,107,3131.644106
-115.0,115,3132.359679
-111.0,111,3132.904707
-118.0,118,3133.545254
-115.0,115,3134.393047
-103.0,103,3135.140787
-144.0,144,3136.061113
-103.0,103,3136.767013
-120.0,120,3137.661425
-153.0,153,3138.798683
-112.0,112,3139.725959
-87.0,87,3140.387939
-124.0,124,3141.289383
-99.0,99,3141.909528
-118.0,118,3142.807537
-121.0,121,3143.721705
-116.0,116,3144.80334
-110.0,110,3145.552819
-108.0,108,3146.219829
-113.0,113,3147.208595
-107.0,107,3148.046883
-121.0,121,3148.903932
-108.0,108,3149.504987
-101.0,101,3150.161313
-95.0,95,3151.10762
-180.0,180,3152.561579
-108.0,108,3153.293355
-107.0,107,3154.167142
-88.0,88,3154.750108
-87.0,87,3155.499888
-112.0,112,3156.319143
-115.0,115,3157.284569
-103.0,103,3158.235834
-108.0,108,3159.055701
-115.0,115,3159.832281
-98.0,98,3160.456205
-200.0,200,3161.899691
-191.0,191,3163.352811
-199.0,199,3164.596115
-108.0,108,3165.359289
-98.0,98,3165.950547
-111.0,111,3166.656453
-120.0,120,3167.607076
-86.0,86,3168.153095
-91.0,91,3168.762383
-115.0,115,3169.691438
-111.0,111,3170.671329
-119.0,119,3171.61521
-94.0,94,3172.338703
-105.0,105,3172.969772
-116.0,116,3174.015636
-115.0,115,3174.904002
-113.0,113,3175.78691
-116.0,116,3176.634906
-112.0,112,3177.397305
-104.0,104,3178.044608
-106.0,106,3178.555497
-121.0,121,3179.429566
-189.0,189,3180.686675
-200.0,200,3182.086839
-109.0,109,3182.781364
-174.0,174,3183.919722
-104.0,104,3184.558797
-184.0,184,3185.836224
-172.0,172,3187.075248
-115.0,115,3187.955035
-177.0,177,3189.116586
-175.0,175,3190.57815
-185.0,185,3191.932032
-106.0,106,3192.648849
-171.0,171,3193.95551
-160.0,160,3195.264957
-198.0,198,3196.533452
-169.0,169,3197.56301
-121.0,121,3198.477306
-174.0,174,3199.536468
-162.0,162,3200.700185
-97.0,97,3201.328568
-167.0,167,3202.475291
-100.0,100,3203.074296
-85.0,85,3203.742956
-108.0,108,3204.615668
-85.0,85,3205.283971
-105.0,105,3206.024615
-167.0,167,3207.159849
-111.0,111,3207.852468
-107.0,107,3208.523516
-179.0,179,3209.662504
-89.0,89,3210.176563
-182.0,182,3211.335698
-87.0,87,3211.855126
-116.0,116,3212.665695
-91.0,91,3213.276088
-163.0,163,3214.391842
-115.0,115,3215.245856
-171.0,171,3216.51081
-165.0,165,3217.818783
-169.0,169,3218.894659
-172.0,172,3220.018509
-164.0,164,3221.083175
-166.0,166,3222.063888
-169.0,169,3223.253235
-95.0,95,3223.874867
-162.0,162,3224.89135
-170.0,170,3225.75815
-165.0,165,3227.038218
-92.0,92,3227.71199
-164.0,164,3228.840064
-84.0,84,3229.334624
-165.0,165,3230.577188
-90.0,90,3231.077602
-163.0,163,3232.10711
-168.0,168,3233.362348
-172.0,172,3234.5879
-172.0,172,3236.027694
-165.0,165,3237.442772
-167.0,167,3238.678273
-169.0,169,3239.907038
-168.0,168,3240.976938
-165.0,165,3242.236068
-98.0,98,3243.080315
-166.0,166,3244.176539
-163.0,163,3245.408353
-162.0,162,3246.530881
-163.0,163,3247.473316
-163.0,163,3248.74652
-173.0,173,3250.323923
-200.0,200,3251.863166
-200.0,200,3253.350401
-163.0,163,3254.603956
-163.0,163,3255.866951
-166.0,166,3257.162179
-200.0,200,3258.622304
-159.0,159,3259.530138
-187.0,187,3260.975255
-160.0,160,3262.137365
-148.0,148,3263.409751
-150.0,150,3264.417809
-200.0,200,3265.899743
-160.0,160,3267.16744
-151.0,151,3268.167327
-158.0,158,3268.995086
-149.0,149,3270.200864
-167.0,167,3271.530984
-162.0,162,3272.741414
-157.0,157,3273.835264
-155.0,155,3275.181847
-164.0,164,3276.477166
-100.0,100,3277.167959
-159.0,159,3278.429996
-159.0,159,3279.517784
-159.0,159,3280.383358
-89.0,89,3280.821484
-154.0,154,3281.988739
-156.0,156,3282.895061
-158.0,158,3283.871744
-122.0,122,3284.824723
-97.0,97,3285.623794
-94.0,94,3286.232744
-170.0,170,3287.663731
-88.0,88,3288.267203
-109.0,109,3289.148586
-154.0,154,3290.038909
-95.0,95,3290.728431
-93.0,93,3291.642137
-124.0,124,3292.56163
-188.0,188,3293.725089
-119.0,119,3294.499585
-120.0,120,3295.493066
-169.0,169,3296.549178
-121.0,121,3297.586119
-89.0,89,3298.283399
-147.0,147,3299.414006
-179.0,179,3300.78474
-190.0,190,3302.046017
-161.0,161,3303.451868
-123.0,123,3304.535345
-88.0,88,3305.167534
-101.0,101,3305.946614
-118.0,118,3306.946287
-124.0,124,3308.002979
-109.0,109,3308.834667
-127.0,127,3309.745121
-122.0,122,3310.575978
-125.0,125,3311.489084
-122.0,122,3312.464515
-115.0,115,3313.271537
-123.0,123,3314.185131
-84.0,84,3314.81426
-129.0,129,3315.517099
-116.0,116,3316.399037
-116.0,116,3317.230885
-124.0,124,3318.111466
-122.0,122,3319.03746
-116.0,116,3319.825716
-113.0,113,3320.5816
-119.0,119,3321.521649
-85.0,85,3321.928479
-118.0,118,3322.862934
-109.0,109,3323.828422
-163.0,163,3325.192388
-116.0,116,3325.876833
-93.0,93,3326.345257
-100.0,100,3326.994676
-117.0,117,3327.738035
-87.0,87,3328.242025
-115.0,115,3328.875827
-99.0,99,3329.440072
-121.0,121,3330.201003
-89.0,89,3330.740676
-175.0,175,3331.720697
-108.0,108,3332.511942
-115.0,115,3333.260005
-105.0,105,3333.989234
-90.0,90,3334.480762
-88.0,88,3334.987454
-159.0,159,3336.416337
-114.0,114,3337.155645
-98.0,98,3337.660617
-96.0,96,3338.28292
-161.0,161,3339.39829
-102.0,102,3340.115529
-168.0,168,3341.236138
-188.0,188,3342.485166
-169.0,169,3343.732959
-168.0,168,3344.891094
-90.0,90,3345.460064
-109.0,109,3346.179725
-156.0,156,3347.236185
-160.0,160,3348.421084
-113.0,113,3349.384195
-153.0,153,3350.323858
-96.0,96,3350.947839
-83.0,83,3351.474916
-164.0,164,3352.721795
-167.0,167,3353.613226
-122.0,122,3354.571375
-114.0,114,3355.585319
-105.0,105,3356.264221
-180.0,180,3357.937936
-128.0,128,3358.816239
-155.0,155,3360.078293
-157.0,157,3361.325838
-107.0,107,3362.115727
-152.0,152,3363.373048
-150.0,150,3364.468125
-146.0,146,3365.43063
-109.0,109,3366.075587
-158.0,158,3367.009456
-110.0,110,3367.670706
-89.0,89,3368.297236
-156.0,156,3369.418158
-83.0,83,3369.848032
-105.0,105,3370.515713
-157.0,157,3371.399583
-91.0,91,3371.964881
-157.0,157,3373.115077
-183.0,183,3374.352787
-97.0,97,3375.06793
-102.0,102,3375.842931
-107.0,107,3376.551524
-109.0,109,3377.145423
-91.0,91,3377.786101
-109.0,109,3378.585181
-98.0,98,3379.303841
-154.0,154,3380.408911
-84.0,84,3380.995362
-150.0,150,3381.874624
-86.0,86,3382.546487
-147.0,147,3383.525026
-106.0,106,3384.189872
-145.0,145,3385.115176
-155.0,155,3386.130109
-155.0,155,3387.411275
-105.0,105,3388.096959
-152.0,152,3389.220495
-189.0,189,3390.305392
-91.0,91,3390.975839
-92.0,92,3391.625214
-109.0,109,3392.426556
-153.0,153,3393.32143
-104.0,104,3393.988544
-95.0,95,3394.680511
-110.0,110,3395.728342
-106.0,106,3396.424668
-144.0,144,3397.515054
-85.0,85,3398.073979
-104.0,104,3398.779804
-87.0,87,3399.413123
-157.0,157,3400.533701
-105.0,105,3401.322167
-149.0,149,3402.608575
-172.0,172,3403.833439
-104.0,104,3404.619474
-147.0,147,3405.622999
-118.0,118,3406.41638
-104.0,104,3407.247114
-83.0,83,3407.841219
-146.0,146,3408.744712
-93.0,93,3409.355524
-159.0,159,3410.36967
-161.0,161,3411.435001
-155.0,155,3412.515824
-148.0,148,3413.595527
-155.0,155,3414.738312
-88.0,88,3415.335636
-166.0,166,3416.259351
-87.0,87,3416.700285
-84.0,84,3417.274054
-93.0,93,3418.058427
-90.0,90,3418.557416
-109.0,109,3419.285262
-97.0,97,3419.892703
-105.0,105,3420.593597
-95.0,95,3421.186207
-105.0,105,3421.872509
-172.0,172,3422.942837
-105.0,105,3423.708823
-108.0,108,3424.400882
-104.0,104,3424.903447
-110.0,110,3425.826577
-107.0,107,3426.702099
-126.0,126,3427.551672
-168.0,168,3428.743793
-86.0,86,3429.14734
-129.0,129,3430.063918
-156.0,156,3431.018321
-84.0,84,3431.655833
-106.0,106,3432.25925
-104.0,104,3433.035469
-104.0,104,3433.620766
-85.0,85,3434.296756
-89.0,89,3434.96213
-108.0,108,3435.776311
-106.0,106,3436.420552
-94.0,94,3436.968316
-108.0,108,3437.634886
-107.0,107,3438.350809
-105.0,105,3439.054596
-106.0,106,3439.969215
-105.0,105,3440.785772
-155.0,155,3441.736542
-163.0,163,3442.906005
-106.0,106,3443.546387
-89.0,89,3444.02157
-111.0,111,3444.843213
-105.0,105,3445.524373
-141.0,141,3446.408326
-104.0,104,3447.011487
-156.0,156,3448.03378
-165.0,165,3449.203621
-161.0,161,3450.313929
-105.0,105,3451.075458
-107.0,107,3451.807355
-108.0,108,3452.384066
-123.0,123,3453.15788
-85.0,85,3453.739661
-110.0,110,3454.520481
-85.0,85,3454.979337
-107.0,107,3455.816994
-112.0,112,3456.474995
-116.0,116,3457.139275
-97.0,97,3457.757998
-109.0,109,3458.896907
-112.0,112,3459.751879
-106.0,106,3460.481891
-151.0,151,3461.645879
-157.0,157,3462.70927
-117.0,117,3463.54273
-156.0,156,3464.991678
-154.0,154,3466.131527
-153.0,153,3467.345116
-109.0,109,3468.074053
-152.0,152,3469.142075
-98.0,98,3469.938696
-94.0,94,3470.493749
-187.0,187,3471.987073
-149.0,149,3472.837053
-162.0,162,3474.199789
-154.0,154,3475.114556
-132.0,132,3475.875345
-124.0,124,3476.71771
-115.0,115,3477.585531
-167.0,167,3478.5185
-108.0,108,3479.163386
-120.0,120,3479.885802
-100.0,100,3480.519124
-150.0,150,3481.56325
-113.0,113,3482.202315
-130.0,130,3483.137093
-90.0,90,3483.776939
-101.0,101,3484.396436
-129.0,129,3485.285016
-128.0,128,3486.145467
-109.0,109,3486.98877
-117.0,117,3487.809574
-92.0,92,3488.439388
-96.0,96,3488.985238
-121.0,121,3489.721956
-155.0,155,3490.840348
-158.0,158,3491.785395
-98.0,98,3492.385681
-167.0,167,3493.701224
-151.0,151,3494.626374
-175.0,175,3495.857033
-92.0,92,3496.546898
-119.0,119,3497.339998
-86.0,86,3497.850048
-113.0,113,3498.548179
-119.0,119,3499.578007
-113.0,113,3500.215603
-91.0,91,3500.619342
-169.0,169,3501.770481
-108.0,108,3502.531968
-108.0,108,3503.347206
-161.0,161,3504.586759
-91.0,91,3505.315221
-86.0,86,3505.868217
-89.0,89,3506.512156
-108.0,108,3507.620389
-86.0,86,3508.121998
-86.0,86,3508.658515
-86.0,86,3509.281435
-123.0,123,3510.174572
-113.0,113,3510.900698
-97.0,97,3511.622808
-119.0,119,3512.232724
-83.0,83,3512.682806
-104.0,104,3513.387838
-198.0,198,3514.463289
-93.0,93,3515.136233
-200.0,200,3516.557948
-142.0,142,3517.579566
-84.0,84,3518.16268
-156.0,156,3519.177685
-98.0,98,3519.896534
-96.0,96,3520.641254
-101.0,101,3521.221024
-118.0,118,3522.053433
-193.0,193,3523.19266
-89.0,89,3523.773604
-178.0,178,3525.172828
-152.0,152,3526.077931
-114.0,114,3526.79126
-97.0,97,3527.465115
-153.0,153,3528.562973
-165.0,165,3529.873574
-115.0,115,3530.606253
-85.0,85,3531.255322
-85.0,85,3531.915922
-94.0,94,3532.760802
-112.0,112,3533.435975
-84.0,84,3533.906425
-91.0,91,3534.568208
-86.0,86,3535.092695
-154.0,154,3536.093107
-200.0,200,3537.485862
-87.0,87,3538.104949
-158.0,158,3539.066468
-102.0,102,3539.8991
-171.0,171,3540.962263
-176.0,176,3541.916497
-104.0,104,3542.690337
-104.0,104,3543.414343
-153.0,153,3544.560248
-84.0,84,3545.27612
-107.0,107,3545.92855
-95.0,95,3546.513074
-151.0,151,3547.488478
-100.0,100,3548.13177
-151.0,151,3548.914985
-112.0,112,3549.715265
-112.0,112,3550.43355
-114.0,114,3551.15586
-92.0,92,3551.700764
-149.0,149,3552.631492
-104.0,104,3553.452184
-85.0,85,3553.946433
-156.0,156,3555.092885
-196.0,196,3556.555971
-100.0,100,3557.113825
-88.0,88,3557.603242
-108.0,108,3558.286416
-110.0,110,3559.226628
-89.0,89,3559.856839
-106.0,106,3560.539166
-106.0,106,3561.157711
-105.0,105,3561.987752
-100.0,100,3562.659962
-104.0,104,3563.342282
-88.0,88,3563.823632
-106.0,106,3564.566634
-144.0,144,3565.641032
-200.0,200,3567.021615
-84.0,84,3567.484449
-173.0,173,3568.659053
-113.0,113,3569.362093
-115.0,115,3570.096455
-109.0,109,3570.850692
-114.0,114,3571.627118
-86.0,86,3572.238043
-112.0,112,3572.834105
-114.0,114,3573.487575
-114.0,114,3574.098121
-181.0,181,3575.381917
-118.0,118,3576.186947
-87.0,87,3576.714872
-165.0,165,3577.865942
-147.0,147,3578.99331
-172.0,172,3580.395181
-155.0,155,3581.389979
-112.0,112,3582.069716
-119.0,119,3583.067237
-116.0,116,3583.765527
-124.0,124,3584.725671
-117.0,117,3585.870531
-113.0,113,3586.703734
-114.0,114,3587.603954
-115.0,115,3588.605317
-109.0,109,3589.591586
-86.0,86,3590.216872
-92.0,92,3591.093336
-109.0,109,3591.918334
-105.0,105,3592.681746
-109.0,109,3593.466368
-112.0,112,3594.183175
-84.0,84,3594.800039
-106.0,106,3595.524908
-109.0,109,3596.099385
-114.0,114,3596.898498
-111.0,111,3597.781356
-113.0,113,3598.647681
-115.0,115,3599.370896
-90.0,90,3599.951152
-117.0,117,3600.905776
-85.0,85,3601.829184
-91.0,91,3602.641449
-90.0,90,3603.188034
-91.0,91,3604.065256
-88.0,88,3604.832505
-115.0,115,3605.868945
-110.0,110,3606.919995
-200.0,200,3608.735052
-84.0,84,3609.311474
-86.0,86,3609.920257
-86.0,86,3610.668192
-109.0,109,3611.442322
-94.0,94,3612.22644
-116.0,116,3613.380522
-200.0,200,3614.728752
-89.0,89,3615.518334
-110.0,110,3616.22256
-110.0,110,3616.970786
-95.0,95,3617.726922
-90.0,90,3618.311869
-92.0,92,3619.042466
-84.0,84,3619.774186
-106.0,106,3620.663563
-106.0,106,3621.215413
-107.0,107,3621.956893
-106.0,106,3622.622651
-114.0,114,3623.4237
-85.0,85,3624.174664
-104.0,104,3624.838568
-105.0,105,3625.402267
-84.0,84,3626.016046
-105.0,105,3626.811249
-85.0,85,3627.52357
-106.0,106,3628.297432
-92.0,92,3629.061529
-108.0,108,3629.705493
-160.0,160,3630.774289
-150.0,150,3631.949805
-160.0,160,3632.938022
-103.0,103,3633.695161
-91.0,91,3634.281315
-104.0,104,3634.876678
-106.0,106,3635.607076
-104.0,104,3636.336488
-104.0,104,3636.960476
-107.0,107,3637.967365
-84.0,84,3638.613181
-107.0,107,3639.541616
-101.0,101,3640.318794
-108.0,108,3641.098891
-106.0,106,3641.827252
-124.0,124,3642.911605
-92.0,92,3643.578515
-105.0,105,3644.523592
-112.0,112,3645.156888
-165.0,165,3646.415498
-146.0,146,3647.397349
-146.0,146,3648.550987
-98.0,98,3649.14485
-99.0,99,3649.939658
-178.0,178,3651.412637
-119.0,119,3652.300486
-111.0,111,3653.272876
-90.0,90,3653.980379
-86.0,86,3654.852328
-144.0,144,3656.197436
-144.0,144,3657.239482
-102.0,102,3658.00496
-109.0,109,3658.864987
-144.0,144,3659.950356
-115.0,115,3660.937524
-116.0,116,3661.748592
-161.0,161,3662.957153
-144.0,144,3663.739636
-124.0,124,3664.433991
-112.0,112,3665.164559
-143.0,143,3666.326344
-142.0,142,3667.520462
-104.0,104,3668.31551
-105.0,105,3668.9335
-141.0,141,3669.964437
-87.0,87,3670.56419
-107.0,107,3671.251853
-107.0,107,3672.025307
-107.0,107,3672.796764
-146.0,146,3674.030453
-106.0,106,3674.633917
-106.0,106,3675.208549
-97.0,97,3675.855792
-88.0,88,3676.577848
-94.0,94,3677.332428
-106.0,106,3678.003579
-98.0,98,3678.637621
-200.0,200,3680.325819
-121.0,121,3681.20874
-93.0,93,3682.001342
-97.0,97,3682.759975
-120.0,120,3683.588564
-198.0,198,3685.158024
-119.0,119,3685.835914
-106.0,106,3686.791439
-107.0,107,3687.351944
-110.0,110,3688.06161
-86.0,86,3688.563352
-92.0,92,3689.227774
-87.0,87,3689.708304
-86.0,86,3690.123836
-106.0,106,3690.735418
-115.0,115,3691.415639
-104.0,104,3692.004517
-119.0,119,3692.784091
-89.0,89,3693.225468
-88.0,88,3693.695624
-102.0,102,3694.365982
-111.0,111,3695.165704
-110.0,110,3695.891501
-109.0,109,3696.553194
-108.0,108,3697.208247
-200.0,200,3698.454497
-127.0,127,3699.259359
-120.0,120,3700.313722
-85.0,85,3700.78122
-104.0,104,3701.441463
-200.0,200,3703.028514
-92.0,92,3703.685165
-94.0,94,3704.336834
-121.0,121,3705.285047
-110.0,110,3706.248515
-113.0,113,3706.979838
-120.0,120,3707.796859
-109.0,109,3708.491476
-110.0,110,3709.093036
-101.0,101,3709.751605
-137.0,137,3710.684509
-111.0,111,3711.378805
-87.0,87,3711.824945
-112.0,112,3712.58724
-85.0,85,3713.186622
-102.0,102,3713.864869
-105.0,105,3714.743838
-108.0,108,3715.463378
-106.0,106,3716.159699
-108.0,108,3716.803945
-94.0,94,3717.428046
-119.0,119,3718.4327
-87.0,87,3719.055722
-86.0,86,3719.682765
-125.0,125,3720.526101
-104.0,104,3721.235287
-115.0,115,3722.069519
-121.0,121,3723.064697
-164.0,164,3724.219474
-144.0,144,3725.280727
-123.0,123,3726.076052
-114.0,114,3726.756505
-84.0,84,3727.55059
-104.0,104,3728.180135
-109.0,109,3728.988842
-109.0,109,3729.852244
-108.0,108,3730.493027
-108.0,108,3731.144486
-105.0,105,3731.926191
-98.0,98,3732.585006
-85.0,85,3733.435208
-108.0,108,3734.306983
-94.0,94,3734.996024
-88.0,88,3735.489202
-85.0,85,3736.03377
-100.0,100,3736.867075
-106.0,106,3737.596944
-109.0,109,3738.234654
-108.0,108,3739.051328
-87.0,87,3739.625549
-109.0,109,3740.40417
-105.0,105,3741.287063
-101.0,101,3741.929269
-104.0,104,3742.783194
-108.0,108,3743.5903
-105.0,105,3744.168432
-86.0,86,3744.964643
-107.0,107,3745.708223
-106.0,106,3746.536454
-112.0,112,3747.352558
-108.0,108,3748.223602
-104.0,104,3749.049803
-106.0,106,3749.874525
-108.0,108,3750.568394
-112.0,112,3751.53252
-111.0,111,3752.431825
-83.0,83,3752.866224
-108.0,108,3753.490187
-87.0,87,3754.290882
-107.0,107,3754.960381
-101.0,101,3755.7076
-100.0,100,3756.28557
-83.0,83,3756.841006
-108.0,108,3757.722005
-106.0,106,3758.290782
-110.0,110,3759.034382
-101.0,101,3759.809688
-109.0,109,3760.481506
-106.0,106,3760.975166
-107.0,107,3761.516135
-102.0,102,3762.133666
-105.0,105,3762.898175
-108.0,108,3763.570996
-105.0,105,3764.232598
-106.0,106,3764.812397
-93.0,93,3765.587957
-108.0,108,3766.126194
-88.0,88,3766.732219
-108.0,108,3767.503222
-88.0,88,3768.557522
-85.0,85,3769.16555
-108.0,108,3770.05858
-170.0,170,3771.22452
-88.0,88,3771.747199
-103.0,103,3772.626437
-107.0,107,3773.488346
-105.0,105,3774.342291
-84.0,84,3774.844173
-85.0,85,3775.429834
-96.0,96,3776.17509
-85.0,85,3776.840378
-108.0,108,3777.522911
-102.0,102,3778.232493
-107.0,107,3779.073117
-108.0,108,3779.985608
-112.0,112,3780.834464
-87.0,87,3781.401854
-107.0,107,3782.088163
-110.0,110,3782.903105
-106.0,106,3783.902974
-88.0,88,3784.561385
-109.0,109,3785.404903
-120.0,120,3786.197045
-113.0,113,3787.070288
-110.0,110,3787.823231
-99.0,99,3788.385974
-111.0,111,3789.063897
-105.0,105,3789.711542
-119.0,119,3790.686025
-107.0,107,3791.454234
-83.0,83,3792.036498
-106.0,106,3792.842586
-112.0,112,3793.623367
-109.0,109,3794.499969
-104.0,104,3795.081035
-105.0,105,3795.714115
-105.0,105,3796.464331
-84.0,84,3796.965647
-107.0,107,3797.742781
-106.0,106,3798.530617
-85.0,85,3799.180837
-102.0,102,3799.683167
-105.0,105,3800.428414
-85.0,85,3800.947384
-102.0,102,3801.539079
-105.0,105,3802.232107
-104.0,104,3802.915507
-106.0,106,3803.766266
-86.0,86,3804.260499
-107.0,107,3804.844736
-89.0,89,3805.577162
-91.0,91,3806.084393
-89.0,89,3806.676855
-88.0,88,3807.247038
-127.0,127,3807.986229
-118.0,118,3808.690066
-106.0,106,3809.40281
-106.0,106,3809.968222
-119.0,119,3810.622692
-200.0,200,3812.126569
-105.0,105,3812.684203
-85.0,85,3813.251525
-106.0,106,3814.004028
-105.0,105,3814.724622
-105.0,105,3815.477975
-104.0,104,3816.210041
-113.0,113,3817.040405
-105.0,105,3817.78687
-113.0,113,3818.713377
-107.0,107,3819.246116
-133.0,133,3820.290445
-103.0,103,3820.884284
-87.0,87,3821.447325
-103.0,103,3822.14254
-107.0,107,3822.879341
-89.0,89,3823.272574
-89.0,89,3823.815055
-106.0,106,3824.514139
-83.0,83,3825.120174
-110.0,110,3825.880446
-104.0,104,3826.718175
-103.0,103,3827.349384
-110.0,110,3827.913897
-114.0,114,3828.750369
-103.0,103,3829.414242
-102.0,102,3830.111674
-106.0,106,3830.836184
-108.0,108,3831.586766
-105.0,105,3832.252333
-104.0,104,3832.871604
-89.0,89,3833.484644
-108.0,108,3834.037353
-179.0,179,3835.200171
-144.0,144,3836.311662
-139.0,139,3837.270099
-148.0,148,3838.229191
-109.0,109,3838.984976
-123.0,123,3839.860585
-154.0,154,3840.891104
-106.0,106,3841.597527
-140.0,140,3842.598988
-117.0,117,3843.206249
-106.0,106,3843.737656
-109.0,109,3844.390538
-108.0,108,3845.086702
-106.0,106,3845.694671
-144.0,144,3846.801504
-146.0,146,3847.661303
-104.0,104,3848.127324
-110.0,110,3848.849931
-108.0,108,3849.470618
-106.0,106,3850.172244
-106.0,106,3850.844724
-93.0,93,3851.515292
-106.0,106,3852.366163
-104.0,104,3853.033154
-107.0,107,3853.827672
-105.0,105,3854.481882
-104.0,104,3855.174033
-95.0,95,3855.687735
-104.0,104,3856.806036
-85.0,85,3857.277491
-90.0,90,3857.781656
-86.0,86,3858.315942
-104.0,104,3858.791375
-104.0,104,3859.56079
-184.0,184,3860.934388
-107.0,107,3861.79201
-104.0,104,3862.419643
-105.0,105,3863.104589
-105.0,105,3864.013781
-105.0,105,3864.762085
-154.0,154,3865.954075
-106.0,106,3866.529619
-105.0,105,3867.069291
-104.0,104,3867.634503
-147.0,147,3868.679233
-108.0,108,3869.280813
-88.0,88,3869.97124
-103.0,103,3870.662406
-147.0,147,3871.649492
-142.0,142,3872.586694
-105.0,105,3873.322335
-105.0,105,3873.761433
-107.0,107,3874.525001
-105.0,105,3875.189981
-105.0,105,3875.882175
-88.0,88,3876.449662
-105.0,105,3877.031303
-112.0,112,3877.955646
-105.0,105,3878.624723
-101.0,101,3879.303109
-83.0,83,3879.826576
-104.0,104,3880.381021
-114.0,114,3881.238259
-104.0,104,3881.844589
-106.0,106,3882.545919
-103.0,103,3883.374763
-105.0,105,3884.106568
-110.0,110,3884.883649
-106.0,106,3885.690593
-85.0,85,3886.121369
-200.0,200,3887.442423
-85.0,85,3888.017722
-106.0,106,3888.630993
-108.0,108,3889.46939
-106.0,106,3890.276011
-87.0,87,3890.75824
-143.0,143,3891.607273
-105.0,105,3892.319921
-106.0,106,3893.032685
-104.0,104,3893.660464
-89.0,89,3894.263888
-107.0,107,3895.135727
-105.0,105,3895.823764
-106.0,106,3896.408707
-108.0,108,3897.335204
-116.0,116,3898.116759
-107.0,107,3898.853207
-105.0,105,3899.377473
-108.0,108,3900.286653
-111.0,111,3901.05947
-86.0,86,3901.566173
-85.0,85,3902.068723
-84.0,84,3902.594981
-89.0,89,3903.303243
-105.0,105,3903.869849
-107.0,107,3904.690267
-107.0,107,3905.449281
-110.0,110,3906.215453
-112.0,112,3907.202874
-110.0,110,3907.980807
-85.0,85,3908.631648
-110.0,110,3909.655471
-96.0,96,3910.263313
-99.0,99,3910.840794
-106.0,106,3911.550806
-177.0,177,3912.785164
-106.0,106,3913.364885
-114.0,114,3913.877388
-88.0,88,3914.432647
-86.0,86,3914.953194
-110.0,110,3915.83696
-112.0,112,3916.496801
-110.0,110,3917.170699
-107.0,107,3917.815164
-107.0,107,3918.467366
-115.0,115,3919.125658
-105.0,105,3920.066384
-89.0,89,3920.579811
-106.0,106,3921.457108
-108.0,108,3922.210803
-112.0,112,3922.787834
-102.0,102,3923.494457
-116.0,116,3924.420544
-96.0,96,3925.063867
-89.0,89,3925.580403
-115.0,115,3926.522091
-93.0,93,3927.152814
-107.0,107,3927.834562
-124.0,124,3928.536704
-107.0,107,3929.35333
-95.0,95,3930.058086
-117.0,117,3930.993653
-108.0,108,3931.717095
-111.0,111,3932.458863
-107.0,107,3932.962393
-92.0,92,3933.592533
-108.0,108,3934.324748
-101.0,101,3934.920647
-89.0,89,3935.491392
-112.0,112,3936.24496
-90.0,90,3936.786103
-92.0,92,3937.649193
-93.0,93,3938.252327
-97.0,97,3938.940882
-106.0,106,3939.654108
-106.0,106,3940.359868
-95.0,95,3941.183547
-185.0,185,3942.511273
-91.0,91,3943.078895
-110.0,110,3943.936132
-140.0,140,3945.02353
-115.0,115,3945.830544
-90.0,90,3946.323699
-109.0,109,3947.025291
-109.0,109,3947.787122
-116.0,116,3948.404169
-126.0,126,3949.259023
-95.0,95,3949.848931
-108.0,108,3950.497564
-150.0,150,3951.357689
-138.0,138,3952.300089
-148.0,148,3953.136817
-104.0,104,3953.929748
-145.0,145,3955.108999
-156.0,156,3956.477845
-147.0,147,3957.60366
-108.0,108,3958.624062
-149.0,149,3959.784574
-111.0,111,3960.606129
-84.0,84,3961.295591
-105.0,105,3961.950754
-147.0,147,3962.878658
-86.0,86,3963.396897
-90.0,90,3964.028736
-148.0,148,3965.240385
-118.0,118,3966.475619
-148.0,148,3967.477651
-150.0,150,3968.807796
-165.0,165,3969.821411
-152.0,152,3970.917715
-148.0,148,3972.029635
-144.0,144,3973.112464
-148.0,148,3974.063515
-151.0,151,3975.251408
-150.0,150,3976.209811
-157.0,157,3977.290841
-115.0,115,3978.002504
-146.0,146,3979.013669
-112.0,112,3979.937478
-152.0,152,3980.966591
-145.0,145,3981.941439
-142.0,142,3982.991237
-142.0,142,3984.29728
-150.0,150,3985.78936
-104.0,104,3986.453139
-106.0,106,3987.176853
-86.0,86,3987.779075
-146.0,146,3988.983093
-154.0,154,3990.040778
-169.0,169,3991.4552
-116.0,116,3992.414222
-104.0,104,3993.153451
-144.0,144,3994.577299
-149.0,149,3995.778556
-153.0,153,3996.782916
-200.0,200,3998.04812
-162.0,162,3999.390457
-153.0,153,4000.466017
-155.0,155,4001.499609
-145.0,145,4002.672296
-90.0,90,4003.311232
-106.0,106,4004.066191
-153.0,153,4005.127252
-153.0,153,4006.231313
-90.0,90,4006.858626
-147.0,147,4007.995422
-149.0,149,4009.107891
-147.0,147,4010.400868
-152.0,152,4011.782797
-148.0,148,4012.983058
-159.0,159,4014.387142
-105.0,105,4015.21109
-93.0,93,4015.962776
-145.0,145,4017.09438
-87.0,87,4017.522837
-143.0,143,4018.530179
-153.0,153,4019.932215
-94.0,94,4020.56477
-146.0,146,4021.733249
-174.0,174,4022.865406
-146.0,146,4023.70441
-99.0,99,4024.364568
-146.0,146,4025.483941
-105.0,105,4026.500887
-145.0,145,4027.353186
-93.0,93,4028.072724
-145.0,145,4029.23533
-151.0,151,4030.534496
-106.0,106,4031.28144
-176.0,176,4032.78385
-98.0,98,4033.850533
-165.0,165,4035.164125
-93.0,93,4035.691213
-105.0,105,4036.447988
-149.0,149,4037.348679
-142.0,142,4038.585905
-156.0,156,4039.553324
-144.0,144,4040.51489
-156.0,156,4041.58932
-142.0,142,4042.547969
-153.0,153,4043.650479
-144.0,144,4044.708123
-89.0,89,4045.293819
-113.0,113,4045.988229
-152.0,152,4047.071299
-156.0,156,4048.028409
-114.0,114,4048.939405
-170.0,170,4050.067378
-126.0,126,4051.028705
-149.0,149,4052.122051
-88.0,88,4052.848893
-145.0,145,4053.671525
-142.0,142,4054.579993
-143.0,143,4055.5619
-92.0,92,4056.227029
-104.0,104,4056.799785
-142.0,142,4057.756011
-112.0,112,4058.441131
-104.0,104,4059.225059
-144.0,144,4060.122112
-115.0,115,4060.78098
-150.0,150,4061.608753
-90.0,90,4062.072347
-149.0,149,4062.894831
-107.0,107,4063.57854
-146.0,146,4064.484172
-92.0,92,4064.939016
-175.0,175,4065.976353
-154.0,154,4066.941934
-150.0,150,4067.971366
-168.0,168,4068.846519
-171.0,171,4070.095539
-98.0,98,4070.679735
-112.0,112,4071.30303
-98.0,98,4071.933431
-155.0,155,4073.350086
-154.0,154,4074.499315
-85.0,85,4075.185654
-109.0,109,4076.295164
-99.0,99,4077.102027
-103.0,103,4078.011024
-92.0,92,4078.688954
-150.0,150,4080.016676
-150.0,150,4081.045599
-91.0,91,4082.021519
-85.0,85,4082.63267
-150.0,150,4083.895359
-115.0,115,4085.067043
-114.0,114,4085.805695
-112.0,112,4086.806587
-116.0,116,4087.716628
-146.0,146,4088.692822
-149.0,149,4089.944991
-114.0,114,4090.998538
-112.0,112,4092.041519
-114.0,114,4093.014632
-111.0,111,4093.803064
-111.0,111,4094.702252
-148.0,148,4096.195424
-114.0,114,4096.916845
-112.0,112,4097.735314
-151.0,151,4099.032122
-112.0,112,4099.770679
-151.0,151,4100.916903
-90.0,90,4101.715445
-158.0,158,4103.170422
-86.0,86,4103.827889
-152.0,152,4104.846578
-153.0,153,4105.865138
-159.0,159,4107.205162
-95.0,95,4107.879095
-118.0,118,4108.7822
-151.0,151,4109.894966
-113.0,113,4110.521565
-115.0,115,4111.321098
-85.0,85,4111.891181
-113.0,113,4112.525111
-144.0,144,4113.465289
-114.0,114,4114.166274
-94.0,94,4114.707147
-114.0,114,4115.347917
-111.0,111,4116.30317
-148.0,148,4117.287833
-114.0,114,4117.998826
-158.0,158,4119.106158
-143.0,143,4120.06739
-145.0,145,4121.078288
-144.0,144,4121.945444
-86.0,86,4122.616877
-91.0,91,4123.24586
-86.0,86,4123.719607
-114.0,114,4124.545428
-90.0,90,4125.261985
-147.0,147,4126.235975
-148.0,148,4127.385392
-84.0,84,4127.970635
-114.0,114,4128.984616
-116.0,116,4129.818228
-159.0,159,4130.96629
-111.0,111,4131.877274
-149.0,149,4133.09537
-112.0,112,4133.80132
-116.0,116,4134.749996
-110.0,110,4135.387429
-85.0,85,4136.078614
-142.0,142,4137.210347
-93.0,93,4137.778732
-166.0,166,4138.864805
-163.0,163,4140.112269
-144.0,144,4140.86349
-89.0,89,4141.541966
-93.0,93,4142.177325
-89.0,89,4142.845468
-112.0,112,4143.681207
-121.0,121,4144.580867
-84.0,84,4145.125843
-87.0,87,4145.663536
-85.0,85,4146.242201
-88.0,88,4146.739692
-114.0,114,4147.39231
-151.0,151,4148.464358
-166.0,166,4149.682372
-156.0,156,4150.730871
-93.0,93,4151.52579
-143.0,143,4152.52225
-118.0,118,4153.292276
-142.0,142,4154.263925
-181.0,181,4155.486917
-149.0,149,4156.67422
-141.0,141,4157.772839
-148.0,148,4158.629123
-102.0,102,4159.300579
-94.0,94,4160.047205
-157.0,157,4160.973083
-156.0,156,4162.021118
-83.0,83,4162.698605
-111.0,111,4163.40735
-90.0,90,4163.991624
-128.0,128,4164.948019
-126.0,126,4165.925128
-141.0,141,4166.728531
-113.0,113,4167.386226
-111.0,111,4168.142403
-129.0,129,4169.037714
-105.0,105,4169.522453
-112.0,112,4170.28267
-86.0,86,4170.831439
-145.0,145,4171.881135
-158.0,158,4172.916513
-131.0,131,4173.868242
-96.0,96,4174.490921
-147.0,147,4175.412939
-143.0,143,4176.370819
-139.0,139,4177.139529
-157.0,157,4178.126096
-184.0,184,4179.182736
-89.0,89,4179.634402
-139.0,139,4180.645671
-152.0,152,4181.612669
-92.0,92,4182.198451
-87.0,87,4182.907848
-111.0,111,4183.670485
-89.0,89,4184.400947
-89.0,89,4185.061782
-108.0,108,4185.829636
-135.0,135,4186.490484
-123.0,123,4187.37413
-106.0,106,4188.098706
-106.0,106,4188.807433
-108.0,108,4189.480654
-101.0,101,4190.07689
-128.0,128,4190.896765
-134.0,134,4191.908254
-103.0,103,4192.60249
-114.0,114,4193.252091
-133.0,133,4193.991966
-110.0,110,4194.754411
-109.0,109,4195.448606
-89.0,89,4195.931984
-83.0,83,4196.305832
-107.0,107,4196.929394
-84.0,84,4197.433334
-136.0,136,4198.268621
-106.0,106,4199.198227
-107.0,107,4199.901227
-155.0,155,4201.072509
-107.0,107,4201.673177
-111.0,111,4202.508188
-105.0,105,4202.939523
-117.0,117,4203.683865
-84.0,84,4204.181981
-84.0,84,4204.597018
-169.0,169,4205.572203
-102.0,102,4206.342033
-105.0,105,4207.339124
-114.0,114,4207.925821
-84.0,84,4208.382891
-107.0,107,4209.005934
-86.0,86,4209.536786
-91.0,91,4210.158499
-168.0,168,4211.43502
-87.0,87,4212.12527
-159.0,159,4213.180628
-106.0,106,4213.957494
-110.0,110,4214.896505
-156.0,156,4216.137794
-104.0,104,4216.843416
-85.0,85,4217.480322
-124.0,124,4218.474674
-162.0,162,4219.431618
-107.0,107,4220.330229
-103.0,103,4220.863108
-86.0,86,4221.453034
-92.0,92,4222.363579
-109.0,109,4223.135168
-84.0,84,4223.698146
-89.0,89,4224.312883
-87.0,87,4224.992659
-104.0,104,4225.656927
-103.0,103,4226.364494
-108.0,108,4227.088665
-92.0,92,4227.700652
-113.0,113,4228.587887
-104.0,104,4229.352781
-84.0,84,4229.953649
-105.0,105,4230.66815
-91.0,91,4231.250596
-107.0,107,4232.008857
-88.0,88,4232.47848
-109.0,109,4233.089688
-116.0,116,4233.985352
-115.0,115,4234.695282
-88.0,88,4235.283128
-88.0,88,4235.756618
-112.0,112,4236.629263
-92.0,92,4237.127253
-87.0,87,4237.817325
-87.0,87,4238.21557
-107.0,107,4238.98427
-109.0,109,4239.664774
-91.0,91,4240.274778
-84.0,84,4240.776851
-110.0,110,4241.652719
-113.0,113,4242.457
-109.0,109,4243.111448
-91.0,91,4243.617602
-111.0,111,4244.378169
-90.0,90,4244.962333
-118.0,118,4245.701708
-112.0,112,4246.397965
-115.0,115,4247.067171
-94.0,94,4247.602506
-104.0,104,4248.473819
-108.0,108,4249.013796
-118.0,118,4249.75475
-83.0,83,4250.286941
-88.0,88,4250.820099
-110.0,110,4251.378388
-110.0,110,4252.169416
-160.0,160,4253.443197
-107.0,107,4254.081873
-91.0,91,4254.674893
-102.0,102,4255.343508
-116.0,116,4256.131138
-108.0,108,4256.786621
-106.0,106,4257.547777
-88.0,88,4258.012056
-109.0,109,4258.829821
-118.0,118,4259.564013
-108.0,108,4260.250883
-89.0,89,4260.941941
-83.0,83,4261.59766
-90.0,90,4262.151603
-90.0,90,4262.751949
-93.0,93,4263.387852
-110.0,110,4264.065938
-85.0,85,4264.65437
-111.0,111,4265.425202
-111.0,111,4266.107746
-94.0,94,4266.566439
-105.0,105,4267.1532
-111.0,111,4268.008716
-107.0,107,4268.818078
-83.0,83,4269.216506
-109.0,109,4270.004193
-114.0,114,4270.831816
-112.0,112,4271.594711
-91.0,91,4272.145263
-107.0,107,4272.858727
-114.0,114,4273.523316
-87.0,87,4274.070385
-97.0,97,4274.788915
-109.0,109,4275.471288
-110.0,110,4276.020978
-86.0,86,4276.522309
-107.0,107,4277.340756
-110.0,110,4277.976292
-88.0,88,4278.785949
-92.0,92,4279.430823
-105.0,105,4280.10975
-89.0,89,4280.699215
-84.0,84,4281.225927
-91.0,91,4281.890551
-145.0,145,4282.887745
-108.0,108,4283.679998
-108.0,108,4284.37162
-83.0,83,4284.956844
-109.0,109,4285.815197
-107.0,107,4286.466632
-112.0,112,4287.42467
-92.0,92,4288.176339
-114.0,114,4288.796933
-110.0,110,4289.501741
-110.0,110,4290.199887
-112.0,112,4290.940775
-83.0,83,4291.365108
-90.0,90,4292.028448
-92.0,92,4292.737533
-85.0,85,4293.316339
-110.0,110,4294.025445
-88.0,88,4294.771953
-138.0,138,4295.615982
-90.0,90,4296.26935
-114.0,114,4296.911568
-113.0,113,4297.666332
-121.0,121,4298.485951
-115.0,115,4299.176
-86.0,86,4299.853674
-92.0,92,4300.576572
-84.0,84,4301.141516
-86.0,86,4301.5791
-109.0,109,4302.489107
-166.0,166,4303.608392
-175.0,175,4304.839136
-92.0,92,4305.535443
-112.0,112,4306.586157
-112.0,112,4307.318228
-116.0,116,4308.132919
-90.0,90,4308.8446
-156.0,156,4309.870078
-112.0,112,4310.661808
-154.0,154,4311.844152
-113.0,113,4312.494725
-88.0,88,4313.096652
-108.0,108,4313.793873
-123.0,123,4314.609456
-116.0,116,4315.613816
-87.0,87,4316.231418
-149.0,149,4317.41193
-91.0,91,4318.324877
-110.0,110,4319.087036
-151.0,151,4320.488185
-111.0,111,4321.387014
-102.0,102,4322.250792
-91.0,91,4322.911643
-91.0,91,4323.443654
-100.0,100,4324.148881
-111.0,111,4325.002892
-95.0,95,4325.608876
-117.0,117,4326.555771
-88.0,88,4327.047267
-88.0,88,4327.79133
-111.0,111,4328.599238
-112.0,112,4329.525913
-116.0,116,4330.525333
-119.0,119,4331.485016
-113.0,113,4332.228779
-113.0,113,4333.056922
-113.0,113,4333.893212
-109.0,109,4334.841117
-103.0,103,4335.745446
-86.0,86,4336.487893
-109.0,109,4337.485045
-89.0,89,4338.150133
-108.0,108,4338.857715
-111.0,111,4339.841044
-114.0,114,4340.668431
-112.0,112,4341.460167
-107.0,107,4342.190824
-86.0,86,4342.923454
-116.0,116,4343.944778
-110.0,110,4344.866928
-100.0,100,4345.839449
-91.0,91,4346.55649
-111.0,111,4347.31903
-95.0,95,4348.065351
-107.0,107,4348.883081
-89.0,89,4349.50897
-92.0,92,4350.251136
-110.0,110,4351.15863
-111.0,111,4351.897622
-93.0,93,4352.478144
-110.0,110,4353.188424
-95.0,95,4353.731664
-107.0,107,4354.385349
-86.0,86,4354.927339
-106.0,106,4355.72175
-86.0,86,4356.195536
-106.0,106,4356.919836
-91.0,91,4357.623188
-106.0,106,4358.333916
-92.0,92,4359.021949
-106.0,106,4359.818896
-200.0,200,4361.420119
-200.0,200,4362.72331
-200.0,200,4363.971544
-90.0,90,4364.779881
-106.0,106,4365.469584
-92.0,92,4365.953212
-106.0,106,4366.681061
-117.0,117,4367.680214
-103.0,103,4368.663519
-90.0,90,4369.144385
-102.0,102,4369.862056
-113.0,113,4370.579556
-85.0,85,4371.326555
-103.0,103,4372.160673
-101.0,101,4372.805077
-115.0,115,4373.541784
-120.0,120,4374.528548
-113.0,113,4375.455703
-108.0,108,4376.309419
-110.0,110,4377.305978
-108.0,108,4378.20664
-112.0,112,4379.013683
-88.0,88,4379.603324
-152.0,152,4381.04114
-94.0,94,4381.746415
-91.0,91,4382.534107
-104.0,104,4383.196555
-95.0,95,4384.181588
-143.0,143,4385.329694
-106.0,106,4386.148421
-89.0,89,4386.880269
-84.0,84,4387.556874
-103.0,103,4388.165008
-113.0,113,4389.126005
-89.0,89,4389.952383
-180.0,180,4391.260812
-95.0,95,4391.825234
-89.0,89,4392.465608
-112.0,112,4393.309902
-104.0,104,4394.079787
-91.0,91,4394.806668
-85.0,85,4395.421273
-111.0,111,4396.339381
-111.0,111,4397.166098
-109.0,109,4398.163166
-108.0,108,4399.081237
-84.0,84,4399.635692
-148.0,148,4400.83386
-144.0,144,4401.957866
-90.0,90,4402.505431
-85.0,85,4403.2132
-109.0,109,4403.850429
-95.0,95,4404.499846
-105.0,105,4405.248231
-94.0,94,4406.145032
-109.0,109,4407.057599
-109.0,109,4407.753824
-86.0,86,4408.617983
-108.0,108,4409.298271
-109.0,109,4410.071308
-110.0,110,4410.772673
-109.0,109,4411.500366
-108.0,108,4412.377423
-108.0,108,4412.97851
-88.0,88,4413.632659
-108.0,108,4414.325924
-85.0,85,4414.981647
-90.0,90,4415.700476
-148.0,148,4416.683216
-108.0,108,4417.464334
-152.0,152,4418.514775
-149.0,149,4419.580591
-95.0,95,4420.134833
-106.0,106,4420.74018
-147.0,147,4421.542611
-146.0,146,4422.483347
-105.0,105,4423.129232
-200.0,200,4424.474491
-104.0,104,4425.099792
-107.0,107,4425.883481
-105.0,105,4426.566877
-108.0,108,4427.300299
-105.0,105,4427.859579
-109.0,109,4428.620094
-108.0,108,4429.257467
-110.0,110,4430.072073
-85.0,85,4430.755073
-107.0,107,4431.497015
-105.0,105,4432.368906
-109.0,109,4433.173276
-88.0,88,4434.008661
-105.0,105,4434.777253
-95.0,95,4435.464796
-103.0,103,4436.245241
-111.0,111,4437.026365
-105.0,105,4437.700548
-107.0,107,4438.595425
-108.0,108,4439.22617
-106.0,106,4439.871444
-86.0,86,4440.400543
-107.0,107,4441.113941
-108.0,108,4441.960707
-94.0,94,4442.676244
-109.0,109,4443.34498
-102.0,102,4444.036073
-113.0,113,4444.838744
-89.0,89,4445.448317
-109.0,109,4446.34886
-108.0,108,4447.383226
-108.0,108,4448.054384
-87.0,87,4448.731877
-108.0,108,4449.58164
-106.0,106,4450.368766
-101.0,101,4451.036193
-107.0,107,4451.808542
-103.0,103,4452.450914
-93.0,93,4453.084471
-95.0,95,4453.652709
-106.0,106,4454.252952
-105.0,105,4454.791985
-85.0,85,4455.422894
-90.0,90,4455.917212
-109.0,109,4456.609911
-110.0,110,4457.396255
-94.0,94,4458.04815
-105.0,105,4458.637563
-106.0,106,4459.299064
-108.0,108,4460.163171
-111.0,111,4460.898337
-90.0,90,4461.519638
-84.0,84,4462.206961
-108.0,108,4463.005565
-109.0,109,4463.81648
-86.0,86,4464.401834
-99.0,99,4465.041883
-105.0,105,4465.680171
-157.0,157,4466.750996
-165.0,165,4467.888347
-86.0,86,4468.474965
-89.0,89,4469.012354
-109.0,109,4469.792521
-113.0,113,4470.501762
-84.0,84,4471.130056
-110.0,110,4471.788619
-98.0,98,4472.379747
-108.0,108,4473.127205
-94.0,94,4473.82147
-110.0,110,4474.556214
-109.0,109,4475.394402
-111.0,111,4476.203123
-95.0,95,4476.948289
-86.0,86,4477.41585
-85.0,85,4478.139901
-95.0,95,4478.826167
-90.0,90,4479.444444
-107.0,107,4480.165485
-106.0,106,4481.061241
-104.0,104,4481.678171
-109.0,109,4482.271174
-153.0,153,4483.529961
-89.0,89,4484.332372
-106.0,106,4485.216021
-109.0,109,4486.162898
-111.0,111,4487.176331
-168.0,168,4488.477828
-92.0,92,4489.049334
-113.0,113,4489.869943
-145.0,145,4491.100805
-102.0,102,4491.84465
-103.0,103,4492.566487
-105.0,105,4493.340457
-109.0,109,4494.343657
-103.0,103,4495.085708
-101.0,101,4495.710022
-106.0,106,4496.337233
-86.0,86,4497.018174
-92.0,92,4497.665435
-110.0,110,4498.473867
-85.0,85,4498.969792
-108.0,108,4499.661344
-107.0,107,4500.348045
-94.0,94,4501.056499
-106.0,106,4501.78333
-107.0,107,4502.486334
-106.0,106,4503.080588
-84.0,84,4503.630292
-91.0,91,4504.237817
-105.0,105,4504.967196
-109.0,109,4505.680076
-93.0,93,4506.207965
-102.0,102,4506.857601
-111.0,111,4507.751659
-104.0,104,4508.356883
-110.0,110,4509.161741
-93.0,93,4509.672107
-87.0,87,4510.304972
-110.0,110,4511.10316
-91.0,91,4511.718047
-86.0,86,4512.253777
-112.0,112,4512.877548
-110.0,110,4513.620401
-96.0,96,4514.221812
-108.0,108,4514.902023
-94.0,94,4515.543595
-106.0,106,4516.221091
-86.0,86,4516.746194
-86.0,86,4517.304559
-105.0,105,4518.046233
-106.0,106,4518.596164
-105.0,105,4519.096268
-172.0,172,4520.19879
-107.0,107,4520.911314
-90.0,90,4521.612991
-107.0,107,4522.341068
-105.0,105,4522.93656
-110.0,110,4523.531333
-106.0,106,4524.16869
-111.0,111,4524.818843
-151.0,151,4525.950243
-108.0,108,4526.617692
-149.0,149,4527.843008
-103.0,103,4528.769488
-113.0,113,4529.512214
-115.0,115,4530.235655
-104.0,104,4530.854446
-85.0,85,4531.515353
-111.0,111,4532.17172
-109.0,109,4532.905618
-118.0,118,4533.640691
-105.0,105,4534.491942
-110.0,110,4535.212288
-87.0,87,4535.801318
-155.0,155,4536.891464
-105.0,105,4537.622535
-105.0,105,4538.372748
-84.0,84,4538.883378
-95.0,95,4539.679641
-92.0,92,4540.258151
-84.0,84,4540.797572
-139.0,139,4541.76018
-106.0,106,4542.438221
-110.0,110,4542.932592
-113.0,113,4543.6854
-88.0,88,4544.131116
-185.0,185,4545.507095
-86.0,86,4546.017244
-135.0,135,4546.777036
-107.0,107,4547.495734
-98.0,98,4548.168366
-86.0,86,4548.613403
-105.0,105,4549.424973
-170.0,170,4550.634813
-107.0,107,4551.623546
-107.0,107,4552.226461
-107.0,107,4552.906299
-107.0,107,4553.72495
-107.0,107,4554.280556
-106.0,106,4554.858074
-110.0,110,4555.64795
-166.0,166,4556.82146
-107.0,107,4557.480058
-112.0,112,4558.469965
-156.0,156,4559.317458
-108.0,108,4559.985687
-110.0,110,4560.753426
-88.0,88,4561.415289
-110.0,110,4562.226093
-167.0,167,4563.466216
-89.0,89,4564.206058
-108.0,108,4565.080747
-112.0,112,4565.859899
-111.0,111,4566.523937
-86.0,86,4567.166595
-96.0,96,4567.867946
-91.0,91,4568.67111
-98.0,98,4569.423647
-196.0,196,4570.701344
-86.0,86,4571.343625
-85.0,85,4571.958579
-167.0,167,4572.996328
-103.0,103,4573.537302
-85.0,85,4573.893788
-100.0,100,4574.476961
-92.0,92,4575.076918
-176.0,176,4576.128034
-111.0,111,4576.890163
-112.0,112,4577.788854
-91.0,91,4578.281354
-120.0,120,4579.191127
-85.0,85,4579.602029
-92.0,92,4580.26358
-106.0,106,4581.007926
-103.0,103,4581.673108
-91.0,91,4582.392741
-115.0,115,4583.183542
-104.0,104,4583.885035
-102.0,102,4584.557631
-102.0,102,4585.289126
-106.0,106,4586.002858
-106.0,106,4586.793221
-107.0,107,4587.476258
-106.0,106,4588.108121
-175.0,175,4589.280349
-103.0,103,4589.864249
-90.0,90,4590.417836
-113.0,113,4591.154196
-109.0,109,4592.012623
-91.0,91,4592.634235
-88.0,88,4593.210801
-175.0,175,4594.231666
-90.0,90,4594.789032
-180.0,180,4595.845683
-106.0,106,4596.81224
-94.0,94,4597.463786
-91.0,91,4598.121299
-93.0,93,4598.895404
-90.0,90,4599.484511
-112.0,112,4600.278504
-166.0,166,4601.346346
-112.0,112,4602.032331
-103.0,103,4602.699888
-88.0,88,4603.240357
-101.0,101,4604.004333
-104.0,104,4604.460425
-87.0,87,4605.072163
-85.0,85,4605.644483
-96.0,96,4606.450233
-108.0,108,4607.305941
-165.0,165,4608.629949
-83.0,83,4609.232219
-108.0,108,4609.831607
-108.0,108,4610.529088
-112.0,112,4611.273481
-83.0,83,4612.043726
-119.0,119,4613.035072
-109.0,109,4613.672446
-104.0,104,4614.466484
-105.0,105,4615.17645
-84.0,84,4615.782479
-83.0,83,4616.499901
-106.0,106,4617.187407
-104.0,104,4617.909935
-103.0,103,4618.6
-117.0,117,4619.669645
-105.0,105,4620.382476
-172.0,172,4621.66054
-103.0,103,4622.277627
-105.0,105,4622.952239
-103.0,103,4623.598178
-105.0,105,4624.322456
-104.0,104,4625.102342
-105.0,105,4625.694669
-90.0,90,4626.352101
-104.0,104,4627.015807
-113.0,113,4627.717839
-106.0,106,4628.346149
-105.0,105,4629.036196
-106.0,106,4629.800709
-94.0,94,4630.494517
-106.0,106,4631.048652
-118.0,118,4631.973774
-114.0,114,4632.517941
-104.0,104,4633.04591
-108.0,108,4633.810945
-104.0,104,4634.410603
-108.0,108,4635.392246
-106.0,106,4636.182433
-106.0,106,4637.098994
-113.0,113,4637.862066
-88.0,88,4638.462427
-104.0,104,4639.125249
-150.0,150,4640.067427
-104.0,104,4640.782231
-108.0,108,4641.361612
-106.0,106,4642.054646
-165.0,165,4643.158985
-107.0,107,4643.965808
-107.0,107,4644.645039
-104.0,104,4645.263008
-107.0,107,4645.975527
-105.0,105,4646.708301
-167.0,167,4647.983836
-110.0,110,4648.817115
-90.0,90,4649.549287
-112.0,112,4650.159975
-106.0,106,4650.824598
-107.0,107,4651.583311
-178.0,178,4652.766955
-106.0,106,4653.553487
-105.0,105,4654.227401
-88.0,88,4654.885739
-103.0,103,4655.455756
-106.0,106,4656.177248
-107.0,107,4656.839008
-114.0,114,4657.474821
-87.0,87,4658.117012
-111.0,111,4658.684987
-102.0,102,4659.317548
-109.0,109,4659.971709
-112.0,112,4660.631258
-110.0,110,4661.378253
-102.0,102,4662.08826
-158.0,158,4663.026854
-106.0,106,4663.780602
-104.0,104,4664.483836
-107.0,107,4665.293297
-117.0,117,4666.247317
-106.0,106,4667.00676
-105.0,105,4667.809905
-101.0,101,4668.378249
-105.0,105,4668.995863
-109.0,109,4669.716184
-99.0,99,4670.395581
-107.0,107,4671.0365
-105.0,105,4671.71616
-105.0,105,4672.268872
-111.0,111,4672.86084
-92.0,92,4673.380931
-107.0,107,4674.144565
-110.0,110,4675.012298
-107.0,107,4675.786262
-113.0,113,4676.724277
-122.0,122,4677.664804
-164.0,164,4678.859235
-179.0,179,4680.067206
-104.0,104,4680.720183
-102.0,102,4681.459786
-105.0,105,4682.158377
-108.0,108,4683.127692
-107.0,107,4683.906939
-106.0,106,4684.559881
-105.0,105,4685.518152
-103.0,103,4686.128294
-104.0,104,4686.861655
-105.0,105,4687.523609
-88.0,88,4688.136369
-107.0,107,4688.729635
-91.0,91,4689.316609
-152.0,152,4690.472901
-167.0,167,4691.736872
-110.0,110,4692.907733
-103.0,103,4693.694557
-89.0,89,4694.450253
-103.0,103,4695.037405
-105.0,105,4695.762668
-105.0,105,4696.395849
-110.0,110,4697.454141
-89.0,89,4698.215193
-106.0,106,4699.136496
-85.0,85,4699.85234
-106.0,106,4700.577026
-92.0,92,4701.223014
-106.0,106,4702.004956
-104.0,104,4702.768824
-103.0,103,4703.429655
-85.0,85,4704.1274
-88.0,88,4704.764503
-86.0,86,4705.41546
-104.0,104,4706.29502
-107.0,107,4707.082494
-105.0,105,4708.292815
-107.0,107,4709.437147
-108.0,108,4710.355336
-104.0,104,4711.061467
-86.0,86,4711.509434
-167.0,167,4712.947212
-106.0,106,4713.627123
-108.0,108,4714.754629
-88.0,88,4715.243
-86.0,86,4715.831068
-171.0,171,4717.245144
-106.0,106,4718.097867
-87.0,87,4718.677155
-105.0,105,4719.31454
-108.0,108,4720.158255
-105.0,105,4721.108954
-87.0,87,4721.882313
-86.0,86,4722.524571
-104.0,104,4723.388089
-106.0,106,4724.141783
-104.0,104,4724.8864
-88.0,88,4725.737189
-86.0,86,4726.380984
-90.0,90,4727.056376
-114.0,114,4727.949505
-156.0,156,4729.106751
-105.0,105,4729.932321
-94.0,94,4730.610049
-111.0,111,4731.466595
-103.0,103,4732.214375
-110.0,110,4733.107989
-107.0,107,4734.426127
-105.0,105,4735.261728
-84.0,84,4735.999001
-97.0,97,4736.616368
-167.0,167,4738.040144
-104.0,104,4738.609512
-153.0,153,4739.512189
-95.0,95,4740.36206
-152.0,152,4741.244223
-101.0,101,4741.919081
-115.0,115,4742.711776
-109.0,109,4743.373499
-89.0,89,4743.893469
-153.0,153,4745.10268
-102.0,102,4745.947469
-114.0,114,4746.739888
-183.0,183,4748.176921
-106.0,106,4748.956692
-104.0,104,4749.528431
-105.0,105,4750.28149
-105.0,105,4751.091753
-106.0,106,4751.817109
-105.0,105,4752.409922
-107.0,107,4753.032333
-93.0,93,4753.72261
-128.0,128,4754.720295
-107.0,107,4755.562224
-108.0,108,4756.37311
-108.0,108,4757.156111
-108.0,108,4757.798808
-114.0,114,4758.646068
-177.0,177,4760.010653
-87.0,87,4760.567553
-106.0,106,4761.196244
-108.0,108,4761.932222
-108.0,108,4762.676411
-109.0,109,4763.315902
-106.0,106,4764.009976
-106.0,106,4764.686682
-91.0,91,4765.324449
-111.0,111,4765.95674
-140.0,140,4766.996417
-109.0,109,4767.609315
-106.0,106,4768.389794
-107.0,107,4769.050667
-107.0,107,4769.66115
-167.0,167,4770.587479
-107.0,107,4771.249894
-89.0,89,4771.78974
-110.0,110,4772.550245
-107.0,107,4773.284237
-92.0,92,4773.886618
-106.0,106,4774.534828
-112.0,112,4775.315534
-155.0,155,4776.296002
-105.0,105,4776.903406
-105.0,105,4777.57351
-107.0,107,4778.322062
-88.0,88,4778.81801
-87.0,87,4779.367268
-83.0,83,4779.921209
-109.0,109,4780.60777
-164.0,164,4781.753365
-157.0,157,4782.791011
-83.0,83,4783.243133
-105.0,105,4783.823124
-85.0,85,4784.576821
-105.0,105,4785.159916
-93.0,93,4785.748
-104.0,104,4786.389839
-85.0,85,4786.809288
-106.0,106,4787.610312
-106.0,106,4788.339713
-98.0,98,4789.203113
-106.0,106,4789.794324
-110.0,110,4790.4847
-112.0,112,4791.295631
-109.0,109,4792.035364
-92.0,92,4792.442134
-95.0,95,4793.014597
-94.0,94,4793.494998
-113.0,113,4794.26864
-110.0,110,4794.93289
-112.0,112,4795.597907
-111.0,111,4796.549113
-165.0,165,4797.669272
-110.0,110,4798.462575
-165.0,165,4799.607185
-93.0,93,4800.345688
-157.0,157,4801.702218
-107.0,107,4802.483864
-105.0,105,4803.272893
-107.0,107,4804.110152
-154.0,154,4805.397726
-149.0,149,4806.422745
-105.0,105,4807.236461
-88.0,88,4807.991946
-105.0,105,4808.82535
-88.0,88,4809.358323
-149.0,149,4810.395521
-174.0,174,4811.806323
-96.0,96,4812.468441
-182.0,182,4813.855995
-105.0,105,4814.538872
-106.0,106,4815.272304
-105.0,105,4816.020896
-87.0,87,4816.528359
-106.0,106,4817.157964
-111.0,111,4818.370092
-106.0,106,4819.081316
-147.0,147,4820.241164
-200.0,200,4821.695407
-153.0,153,4822.69193
-200.0,200,4824.108402
-200.0,200,4825.421222
-200.0,200,4826.972067
-186.0,186,4827.981268
-107.0,107,4828.91906
-87.0,87,4829.463914
-86.0,86,4830.146461
-86.0,86,4830.722013
-99.0,99,4831.497473
-92.0,92,4832.339481
-90.0,90,4832.95047
-104.0,104,4833.716695
-86.0,86,4834.453975
-107.0,107,4835.21836
-105.0,105,4835.927496
-164.0,164,4836.970181
-85.0,85,4837.567698
-98.0,98,4838.171863
-105.0,105,4838.805873
-106.0,106,4839.570307
-107.0,107,4840.249487
-109.0,109,4840.898119
-109.0,109,4841.588416
-112.0,112,4842.293424
-91.0,91,4842.999074
-102.0,102,4843.736537
-108.0,108,4844.459951
-108.0,108,4845.283494
-86.0,86,4845.965851
-103.0,103,4846.706811
-88.0,88,4847.427915
-105.0,105,4848.281867
-83.0,83,4848.875499
-105.0,105,4849.769274
-106.0,106,4850.50085
-107.0,107,4851.230445
-86.0,86,4851.751302
-105.0,105,4852.563651
-104.0,104,4853.087114
-100.0,100,4853.777921
-160.0,160,4854.731397
-106.0,106,4855.551648
-85.0,85,4856.079889
-86.0,86,4856.703745
-91.0,91,4857.508138
-84.0,84,4858.041566
-200.0,200,4859.205286
-157.0,157,4860.228077
-85.0,85,4860.790745
-87.0,87,4861.430955
-110.0,110,4862.125218
-107.0,107,4862.816789
-104.0,104,4863.43109
-112.0,112,4864.391905
-184.0,184,4865.529988
-107.0,107,4866.303356
-98.0,98,4866.977922
-105.0,105,4867.777838
-86.0,86,4868.349607
-87.0,87,4868.859289
-107.0,107,4869.60779
-111.0,111,4870.389053
-107.0,107,4871.145941
-106.0,106,4871.912407
-174.0,174,4873.026511
-84.0,84,4873.655872
-106.0,106,4874.527432
-108.0,108,4875.362448
-106.0,106,4876.273516
-90.0,90,4876.962981
-107.0,107,4877.598233
-91.0,91,4878.127387
-111.0,111,4878.85363
-109.0,109,4879.497767
-89.0,89,4880.110018
-99.0,99,4880.837276
-103.0,103,4881.457437
-95.0,95,4882.126445
-105.0,105,4882.901049
-105.0,105,4883.583417
-91.0,91,4884.299804
-131.0,131,4885.093697
-92.0,92,4885.76579
-110.0,110,4886.494938
-89.0,89,4887.078514
-109.0,109,4887.671443
-105.0,105,4888.248938
-105.0,105,4888.760106
-200.0,200,4890.058977
-105.0,105,4890.660583
-161.0,161,4891.851773
-105.0,105,4892.43829
-172.0,172,4893.592808
-106.0,106,4894.207328
-106.0,106,4895.008724
-109.0,109,4895.685343
-191.0,191,4897.12958
-108.0,108,4897.855769
-109.0,109,4898.590246
-107.0,107,4899.384617
-92.0,92,4899.989246
-195.0,195,4901.425712
-94.0,94,4901.978886
-90.0,90,4902.527196
-106.0,106,4903.206881
-173.0,173,4904.268319
-127.0,127,4905.048764
-107.0,107,4906.152102
-97.0,97,4906.975868
-94.0,94,4907.689447
-93.0,93,4908.426575
-105.0,105,4908.99226
-107.0,107,4909.790475
-105.0,105,4910.347324
-93.0,93,4911.079627
-107.0,107,4911.761687
-130.0,130,4912.640664
-110.0,110,4913.265435
-98.0,98,4913.958482
-108.0,108,4914.770002
-113.0,113,4915.51922
-108.0,108,4916.368406
-147.0,147,4917.35985
-105.0,105,4918.074044
-144.0,144,4918.975652
-151.0,151,4920.174409
-144.0,144,4921.212568
-113.0,113,4922.039876
-103.0,103,4922.640211
-116.0,116,4923.659778
-105.0,105,4924.381194
-103.0,103,4925.113804
-88.0,88,4925.706585
-103.0,103,4926.386323
-111.0,111,4927.221557
-103.0,103,4927.851599
-107.0,107,4928.582431
-112.0,112,4929.407679
-107.0,107,4930.044816
-104.0,104,4930.573087
-104.0,104,4931.202758
-106.0,106,4931.859241
-105.0,105,4932.404294
-106.0,106,4933.093816
-155.0,155,4934.071821
-104.0,104,4934.630247
-94.0,94,4935.206645
-103.0,103,4935.671965
-105.0,105,4936.166501
-103.0,103,4936.945464
-106.0,106,4937.564034
-85.0,85,4937.980366
-106.0,106,4938.69038
-115.0,115,4939.560218
-104.0,104,4940.297909
-86.0,86,4941.154122
-91.0,91,4941.818325
-104.0,104,4942.373468
-104.0,104,4943.069164
-94.0,94,4943.612265
-106.0,106,4944.244697
-105.0,105,4945.237331
-100.0,100,4945.98318
-93.0,93,4946.601601
-89.0,89,4947.161697
-102.0,102,4947.88499
-104.0,104,4948.553609
-105.0,105,4949.349806
-103.0,103,4949.827328
-103.0,103,4950.638721
-103.0,103,4951.25118
-107.0,107,4952.074913
-106.0,106,4952.698225
-103.0,103,4953.414039
-107.0,107,4954.069253
-108.0,108,4954.973755
-133.0,133,4955.869526
-85.0,85,4956.679804
-96.0,96,4957.335596
-89.0,89,4958.17223
-105.0,105,4958.892598
-105.0,105,4959.557081
-93.0,93,4960.18812
-111.0,111,4961.024198
-173.0,173,4962.554716
-84.0,84,4963.080119
-93.0,93,4963.843855
-106.0,106,4964.51191
-104.0,104,4965.118327
-105.0,105,4965.641384
-105.0,105,4966.312505
-105.0,105,4966.991374
-104.0,104,4967.639755
-108.0,108,4968.40969
-110.0,110,4969.219213
-108.0,108,4970.037589
-107.0,107,4970.750548
-106.0,106,4971.54332
-85.0,85,4972.066382
-105.0,105,4972.667721
-108.0,108,4973.304631
-106.0,106,4974.324699
-112.0,112,4974.99436
-186.0,186,4976.110327
-106.0,106,4976.626718
-162.0,162,4977.542028
-85.0,85,4978.078749
-139.0,139,4978.806911
-140.0,140,4979.673744
-152.0,152,4980.648963
-83.0,83,4981.09243
-87.0,87,4981.556202
-138.0,138,4982.251639
-131.0,131,4983.114345
-89.0,89,4983.561693
-87.0,87,4984.110023
-86.0,86,4984.451743
-105.0,105,4985.199042
-107.0,107,4985.862236
-105.0,105,4986.569943
-88.0,88,4987.089774
-109.0,109,4987.940663
-107.0,107,4988.616223
-134.0,134,4989.473698
-92.0,92,4990.084517
-107.0,107,4990.71722
-94.0,94,4991.363197
-104.0,104,4992.158424
-105.0,105,4992.995199
-128.0,128,4993.972396
-108.0,108,4994.798156
-89.0,89,4995.373837
-110.0,110,4996.275243
-104.0,104,4996.956686
-104.0,104,4997.62437
-88.0,88,4998.234898
-108.0,108,4999.130119
-105.0,105,4999.893512
-103.0,103,5000.725278
-106.0,106,5001.551201
-105.0,105,5002.421949
-105.0,105,5003.15892
-106.0,106,5003.934097
-108.0,108,5004.644229
-108.0,108,5005.455781
-107.0,107,5006.125296
-106.0,106,5007.223046
-112.0,112,5008.041621
-85.0,85,5008.734417
-87.0,87,5009.471675
-105.0,105,5010.242814
-104.0,104,5011.016817
-104.0,104,5011.614824
-106.0,106,5012.31846
-104.0,104,5013.065958
-105.0,105,5013.861675
-104.0,104,5014.656531
-104.0,104,5015.341928
-87.0,87,5015.946398
-108.0,108,5016.734659
-84.0,84,5017.289764
-85.0,85,5017.964348
-87.0,87,5018.424916
-121.0,121,5019.23391
-83.0,83,5019.806109
-125.0,125,5020.679567
-107.0,107,5021.550325
-107.0,107,5022.372173
-112.0,112,5023.386046
-104.0,104,5024.096817
-90.0,90,5024.803218
-86.0,86,5025.504117
-103.0,103,5026.21205
-104.0,104,5027.009347
-108.0,108,5027.914409
-109.0,109,5028.738134
-86.0,86,5029.441368
-89.0,89,5029.893131
-108.0,108,5030.721976
-101.0,101,5031.27494
-105.0,105,5032.101777
-90.0,90,5032.822775
-122.0,122,5033.732128
-90.0,90,5034.428042
-110.0,110,5035.343388
-93.0,93,5035.906926
-88.0,88,5036.488776
-111.0,111,5037.387874
-104.0,104,5038.176284
-110.0,110,5039.001537
-106.0,106,5039.756809
-106.0,106,5040.390804
-87.0,87,5040.932995
-104.0,104,5041.726072
-106.0,106,5042.818805
-164.0,164,5044.148103
-105.0,105,5044.827186
-88.0,88,5045.462993
-173.0,173,5046.732861
-115.0,115,5047.53009
-166.0,166,5048.763271
-106.0,106,5049.547637
-107.0,107,5050.456287
-90.0,90,5051.197186
-106.0,106,5051.88751
-111.0,111,5052.669731
-104.0,104,5053.47277
-86.0,86,5054.214246
-91.0,91,5054.925647
-87.0,87,5055.593428
-106.0,106,5056.305341
-110.0,110,5057.452706
-102.0,102,5058.216736
-111.0,111,5059.049172
-105.0,105,5059.810681
-86.0,86,5060.548485
-106.0,106,5061.268071
-107.0,107,5062.0917
-84.0,84,5062.651112
-109.0,109,5063.539664
-108.0,108,5064.275975
-95.0,95,5065.178254
-108.0,108,5065.840604
-111.0,111,5066.625936
-92.0,92,5067.282983
-112.0,112,5068.072133
-92.0,92,5068.824311
-92.0,92,5069.414027
-87.0,87,5070.007643
-112.0,112,5070.809206
-110.0,110,5071.879755
-89.0,89,5072.479126
-87.0,87,5073.221936
-102.0,102,5073.72636
-111.0,111,5074.56757
-107.0,107,5075.390828
-85.0,85,5076.144471
-103.0,103,5076.747959
-102.0,102,5077.383909
-104.0,104,5078.31302
-104.0,104,5079.104368
-105.0,105,5079.954332
-104.0,104,5080.618899
-106.0,106,5081.82122
-108.0,108,5082.547472
-108.0,108,5083.453425
-104.0,104,5084.190474
-84.0,84,5084.811284
-85.0,85,5085.411723
-106.0,106,5086.093616
-103.0,103,5086.7695
-112.0,112,5087.765998
-109.0,109,5088.573693
-111.0,111,5089.423915
-109.0,109,5090.243534
-107.0,107,5091.147442
-113.0,113,5091.997845
-108.0,108,5093.152412
-105.0,105,5093.919099
-106.0,106,5094.948524
-105.0,105,5095.854157
-109.0,109,5096.702255
-85.0,85,5097.214577
-96.0,96,5097.925317
-103.0,103,5098.974444
-92.0,92,5099.646542
-104.0,104,5100.377501
-105.0,105,5101.195171
-109.0,109,5102.215128
-105.0,105,5102.87134
-111.0,111,5103.606243
-83.0,83,5104.123917
-103.0,103,5104.900289
-108.0,108,5105.745305
-100.0,100,5106.509931
-101.0,101,5107.177927
-86.0,86,5107.845922
-83.0,83,5108.516374
-86.0,86,5108.947062
-104.0,104,5109.75781
-89.0,89,5110.42908
-102.0,102,5111.310366
-104.0,104,5112.146122
-89.0,89,5112.872829
-110.0,110,5113.466251
-93.0,93,5114.035713
-106.0,106,5114.751694
-83.0,83,5115.40007
-94.0,94,5116.265648
-85.0,85,5117.01394
-107.0,107,5117.698405
-87.0,87,5118.316808
-108.0,108,5118.975963
-104.0,104,5119.897102
-109.0,109,5120.469417
-109.0,109,5121.34297
-90.0,90,5121.899349
-113.0,113,5122.793894
-106.0,106,5123.523095
-90.0,90,5124.206968
-107.0,107,5124.970934
-107.0,107,5125.627689
-106.0,106,5126.323138
-108.0,108,5127.286994
-87.0,87,5127.811562
-107.0,107,5128.450261
-104.0,104,5129.27248
-106.0,106,5130.05771
-103.0,103,5130.777498
-105.0,105,5131.376306
-105.0,105,5132.184716
-109.0,109,5132.870915
-94.0,94,5133.336299
-155.0,155,5134.554307
-90.0,90,5135.11109
-91.0,91,5135.642532
-97.0,97,5136.394096
-113.0,113,5137.163444
-104.0,104,5137.754154
-105.0,105,5138.522516
-90.0,90,5138.982422
-92.0,92,5139.632582
-110.0,110,5140.49501
-110.0,110,5141.173548
-177.0,177,5142.308194
-106.0,106,5142.964987
-88.0,88,5143.578124
-91.0,91,5144.197685
-89.0,89,5144.752598
-106.0,106,5145.544527
-107.0,107,5146.326052
-110.0,110,5147.156564
-110.0,110,5147.862369
-110.0,110,5148.492861
-109.0,109,5149.369614
-103.0,103,5150.037064
-95.0,95,5150.622662
-195.0,195,5151.7601
-104.0,104,5152.643614
-157.0,157,5153.792236
-164.0,164,5154.846843
-159.0,159,5155.828223
-103.0,103,5156.348548
-84.0,84,5156.848031
-104.0,104,5157.571124
-88.0,88,5158.078197
-169.0,169,5159.202284
-102.0,102,5159.983221
-93.0,93,5160.710248
-83.0,83,5161.224592
-104.0,104,5161.723314
-187.0,187,5163.246484
-94.0,94,5164.066728
-108.0,108,5164.888061
-92.0,92,5165.501049
-92.0,92,5166.10884
-109.0,109,5166.77762
-107.0,107,5167.518245
-106.0,106,5168.139892
-107.0,107,5168.726309
-84.0,84,5169.28466
-107.0,107,5170.084303
-91.0,91,5170.795413
-103.0,103,5171.517675
-107.0,107,5172.239764
-96.0,96,5172.899244
-128.0,128,5173.5807
-105.0,105,5174.363013
-103.0,103,5175.016222
-103.0,103,5175.668946
-84.0,84,5176.191658
-84.0,84,5176.937739
-85.0,85,5177.606124
-86.0,86,5178.274308
-143.0,143,5179.377041
-113.0,113,5180.145537
-110.0,110,5180.834475
-118.0,118,5181.784069
-171.0,171,5183.256671
-94.0,94,5184.16599
-192.0,192,5185.570674
-96.0,96,5186.104184
-107.0,107,5186.861021
-105.0,105,5187.567854
-108.0,108,5188.247125
-149.0,149,5189.42522
-144.0,144,5190.622557
-110.0,110,5191.372527
-105.0,105,5192.087558
-100.0,100,5192.878766
-105.0,105,5193.635744
-92.0,92,5194.326944
-93.0,93,5194.810047
-86.0,86,5195.318509
-98.0,98,5196.017254
-89.0,89,5196.630291
-109.0,109,5197.670025
-113.0,113,5198.699892
-172.0,172,5200.076527
-117.0,117,5200.918742
-110.0,110,5201.689712
-156.0,156,5202.97577
-126.0,126,5204.128181
-94.0,94,5204.801254
-90.0,90,5205.402813
-111.0,111,5206.285624
-103.0,103,5207.031904
-165.0,165,5208.402251
-114.0,114,5209.217488
-113.0,113,5210.117496
-115.0,115,5210.73767
-115.0,115,5211.41484
-114.0,114,5212.221453
-114.0,114,5213.024867
-111.0,111,5213.665467
-114.0,114,5214.367027
-111.0,111,5215.113685
-115.0,115,5216.033293
-113.0,113,5216.875217
-109.0,109,5217.639959
-111.0,111,5218.344402
-84.0,84,5218.812369
-91.0,91,5219.474129
-115.0,115,5220.377997
-113.0,113,5220.995576
-111.0,111,5221.707874
-113.0,113,5222.42494
-116.0,116,5223.177708
-113.0,113,5223.969066
-115.0,115,5224.818253
-89.0,89,5225.594003
-137.0,137,5226.451487
-111.0,111,5227.241381
-84.0,84,5227.829285
-134.0,134,5228.844411
-111.0,111,5229.670711
-105.0,105,5230.360757
-109.0,109,5231.239224
-97.0,97,5231.955715
-114.0,114,5232.767685
-111.0,111,5233.385921
-108.0,108,5234.206702
-118.0,118,5234.790962
-176.0,176,5236.06232
-116.0,116,5236.813885
-93.0,93,5237.406313
-114.0,114,5238.184294
-185.0,185,5239.48924
-110.0,110,5240.347797
-99.0,99,5241.044798
-118.0,118,5241.8745
-117.0,117,5242.681118
-115.0,115,5243.510876
-86.0,86,5244.219741
-110.0,110,5245.074988
-164.0,164,5246.252967
-85.0,85,5246.737972
-156.0,156,5247.819982
-111.0,111,5248.583944
-111.0,111,5249.334005
-114.0,114,5250.115155
-93.0,93,5250.670083
-154.0,154,5251.655067
-151.0,151,5252.910608
-87.0,87,5253.565908
-156.0,156,5254.532853
-85.0,85,5255.165185
-110.0,110,5255.963482
-166.0,166,5257.164745
-112.0,112,5257.938204
-161.0,161,5259.01355
